{
  "description": "This is a system generated manifest of files expected to be present in this zip. It can be safely deleted.",
  "metadata": {
    "generated_at": "2025-04-09T09:59:09+00:00",
    "trigger": {
      "file_hashid": "unknown",
      "action": "unknown"
    }
  },
  "manifest": [
    {
      "filename": "VariableDefinitions.csv",
      "filesize": 1803,
      "description": "This file describes the variables found in train and test. ",
      "created_at": "2025-04-09 09:47:59 UTC",
      "updated_at": "2025-04-09 09:51:10 UTC"
    },
    {
      "filename": "Test.csv",
      "filesize": 783064,
      "description": "Test resembles Train.csv but without the target-related columns. This is the dataset on which you will apply your model to.",
      "created_at": "2025-04-09 09:50:56 UTC",
      "updated_at": "2025-04-09 09:51:30 UTC"
    },
    {
      "filename": "SampleSubmission.csv",
      "filesize": 71147,
      "description": "Is an example of what your submission file should look like. The order of the rows does not matter, but the names of the \"ID\" must be correct.",
      "created_at": "2025-04-09 09:48:16 UTC",
      "updated_at": "2025-04-09 09:51:10 UTC"
    },
    {
      "filename": "StarterNotebook.ipynb",
      "filesize": 8942,
      "description": "This is a starter notebook to help you make your first submission. ",
      "created_at": "2025-04-09 09:53:48 UTC",
      "updated_at": "2025-04-09 09:54:20 UTC"
    },
    {
      "filename": "Train.csv",
      "filesize": 2071937,
      "description": "Train contains the target. This is the dataset that you will use to train your model.",
      "created_at": "2025-04-09 09:57:39 UTC",
      "updated_at": "2025-04-09 09:59:09 UTC"
    }
  ]
}