ID,Target
ID_001258,
ID_002548,
ID_002c87,
ID_004b83,
ID_005d09,
ID_005d4b,
ID_005e71,
ID_006a90,
ID_006dbe,
ID_00720c,
ID_008aec,
ID_008de2,
ID_00914c,
ID_009cae,
ID_00a252,
ID_00a33a,
ID_00ad88,
ID_00bb7a,
ID_00bf5f,
ID_00cbfd,
ID_00e8a5,
ID_0100de,
ID_01040e,
ID_01051b,
ID_010a6f,
ID_010b5c,
ID_011110,
ID_0113be,
ID_012a53,
ID_0131b1,
ID_013985,
ID_013a5b,
ID_013c8e,
ID_014951,
ID_01517e,
ID_016128,
ID_01618e,
ID_017021,
ID_01759c,
ID_017e4a,
ID_017f56,
ID_0194b2,
ID_01967d,
ID_019c55,
ID_01c048,
ID_01d050,
ID_01dd58,
ID_01f3f3,
ID_01f70b,
ID_022f88,
ID_022fe3,
ID_024723,
ID_0248e8,
ID_0257c7,
ID_025bd6,
ID_025d63,
ID_0261d6,
ID_0264e3,
ID_026a1b,
ID_026a37,
ID_027d0d,
ID_0291f6,
ID_0292a5,
ID_0299cf,
ID_029b88,
ID_029e91,
ID_02a3d1,
ID_02aee1,
ID_02d018,
ID_02e51a,
ID_030077,
ID_030091,
ID_032f5d,
ID_033286,
ID_03334e,
ID_0334e1,
ID_03415e,
ID_035538,
ID_035a4b,
ID_03602b,
ID_036251,
ID_037102,
ID_038d01,
ID_038fde,
ID_039f0c,
ID_03a0d8,
ID_03c195,
ID_03cc88,
ID_03d6d5,
ID_03d9be,
ID_03e5c1,
ID_03ef43,
ID_03f0b9,
ID_03fc0d,
ID_041807,
ID_041907,
ID_043572,
ID_04397b,
ID_043ba8,
ID_044306,
ID_044369,
ID_044e6c,
ID_045228,
ID_04556a,
ID_0455d3,
ID_04596b,
ID_045ec4,
ID_0465e7,
ID_046800,
ID_04697a,
ID_046a8d,
ID_048d50,
ID_0490fd,
ID_049700,
ID_04a7ba,
ID_04c5b7,
ID_04c74c,
ID_04c768,
ID_04ddf7,
ID_0503d6,
ID_0503de,
ID_0512b8,
ID_051994,
ID_052a39,
ID_054a8d,
ID_054e1d,
ID_055be2,
ID_0569aa,
ID_0569c0,
ID_0578a9,
ID_057e9a,
ID_058938,
ID_058b87,
ID_058f13,
ID_0598bc,
ID_0599bf,
ID_05a1c5,
ID_05add4,
ID_05af69,
ID_05b096,
ID_05b613,
ID_05c88c,
ID_05ccaa,
ID_05d665,
ID_05de2c,
ID_05de5d,
ID_05dfed,
ID_05e0bb,
ID_05e523,
ID_05e841,
ID_05ec2d,
ID_05f285,
ID_06036f,
ID_060d09,
ID_061278,
ID_06156a,
ID_0621a9,
ID_062318,
ID_062dec,
ID_0644ca,
ID_064903,
ID_064b15,
ID_065803,
ID_065b6a,
ID_067d69,
ID_067fcd,
ID_068825,
ID_0689b5,
ID_068a92,
ID_068b84,
ID_068fb9,
ID_069ce0,
ID_06a45f,
ID_06aa09,
ID_06accb,
ID_06b802,
ID_06bf5c,
ID_06bfc3,
ID_06e402,
ID_06e986,
ID_06f307,
ID_06f421,
ID_06f47a,
ID_06f689,
ID_06f6eb,
ID_06f7c4,
ID_06fcc4,
ID_07010f,
ID_070c8d,
ID_070d40,
ID_071103,
ID_0717cf,
ID_072336,
ID_072c56,
ID_072cef,
ID_07457e,
ID_074932,
ID_07663b,
ID_0774d1,
ID_078164,
ID_079be6,
ID_07a03a,
ID_07aef8,
ID_07b9c1,
ID_07cfb2,
ID_07d74e,
ID_07d9d2,
ID_07e4e7,
ID_07e4fe,
ID_07effd,
ID_080231,
ID_080380,
ID_08063a,
ID_08119e,
ID_081734,
ID_081de3,
ID_083dba,
ID_083dd5,
ID_08405e,
ID_084cb3,
ID_08627e,
ID_086e45,
ID_0872b7,
ID_087976,
ID_087e95,
ID_088663,
ID_0899bd,
ID_08a885,
ID_08b908,
ID_08ba82,
ID_08bc9f,
ID_08c5fa,
ID_08c672,
ID_08cd92,
ID_08d9e8,
ID_08e0ba,
ID_08f10e,
ID_08f6c7,
ID_0901fd,
ID_0913a0,
ID_091493,
ID_09152e,
ID_091662,
ID_0939b6,
ID_094d78,
ID_09620c,
ID_09678b,
ID_097584,
ID_097a68,
ID_098592,
ID_098739,
ID_09a3c9,
ID_09ab3b,
ID_09b214,
ID_09bafe,
ID_09d438,
ID_09d7a9,
ID_09e0a1,
ID_09e210,
ID_09e54e,
ID_09e62e,
ID_0a25ee,
ID_0a33db,
ID_0a4229,
ID_0a42d7,
ID_0a43d1,
ID_0a45ee,
ID_0a5ec6,
ID_0a8aac,
ID_0aabff,
ID_0aae4c,
ID_0abcc8,
ID_0ac74e,
ID_0ac911,
ID_0acf3f,
ID_0aedf3,
ID_0b051a,
ID_0b0695,
ID_0b0c8f,
ID_0b170c,
ID_0b19bd,
ID_0b21c6,
ID_0b31a1,
ID_0b398c,
ID_0b3afb,
ID_0b46ef,
ID_0b4b29,
ID_0b73e5,
ID_0b73fe,
ID_0b8050,
ID_0b80f3,
ID_0ba0c3,
ID_0baaf2,
ID_0bac7c,
ID_0bc9e9,
ID_0bd104,
ID_0be01c,
ID_0be700,
ID_0c0209,
ID_0c0bb9,
ID_0c0e09,
ID_0c2a35,
ID_0c2a57,
ID_0c2fe5,
ID_0c3cb0,
ID_0c40a4,
ID_0c4c0d,
ID_0c69a9,
ID_0c6a6a,
ID_0c8ac4,
ID_0c9cf9,
ID_0cb383,
ID_0cb3aa,
ID_0cc0ab,
ID_0cc4e5,
ID_0ccb47,
ID_0cd5e1,
ID_0ce116,
ID_0ce1d7,
ID_0cec0f,
ID_0cf07a,
ID_0d0418,
ID_0d0d92,
ID_0d7bde,
ID_0d9387,
ID_0d9a43,
ID_0d9dd5,
ID_0da366,
ID_0dac75,
ID_0dbb50,
ID_0dcedc,
ID_0dd209,
ID_0dd36e,
ID_0dd5f6,
ID_0dd8b4,
ID_0e007c,
ID_0e0e97,
ID_0e1093,
ID_0e2659,
ID_0e2d8d,
ID_0e2e6f,
ID_0e2f00,
ID_0e2f60,
ID_0e3631,
ID_0e45bf,
ID_0e4c1f,
ID_0e6a98,
ID_0e6f07,
ID_0e7ea7,
ID_0e9144,
ID_0ea201,
ID_0eb1ab,
ID_0ebb73,
ID_0ec7bf,
ID_0ed201,
ID_0ed34f,
ID_0ed3de,
ID_0eee74,
ID_0ef7f2,
ID_0f020b,
ID_0f0435,
ID_0f09f4,
ID_0f0f8a,
ID_0f1f55,
ID_0f216e,
ID_0f2e20,
ID_0f4941,
ID_0f5504,
ID_0f5773,
ID_0f7187,
ID_0f7d2e,
ID_0f810c,
ID_0f9a81,
ID_0f9b7a,
ID_0f9d79,
ID_0fa17e,
ID_0fa36a,
ID_0fa631,
ID_0fb8c5,
ID_0fc3c1,
ID_0fdcd2,
ID_0fdfe5,
ID_0fe2e9,
ID_0ff5b5,
ID_0ff699,
ID_0ff741,
ID_0ffd15,
ID_101793,
ID_101d04,
ID_102301,
ID_1038a5,
ID_103925,
ID_103a73,
ID_1047ef,
ID_106a8b,
ID_10abbf,
ID_10b651,
ID_10b693,
ID_10bb10,
ID_10c23c,
ID_10c4aa,
ID_10c4df,
ID_10d8f1,
ID_10dd7d,
ID_10e39c,
ID_10f34d,
ID_10f3f2,
ID_1106bb,
ID_11118a,
ID_112f0e,
ID_114024,
ID_11406a,
ID_11412c,
ID_114315,
ID_115a04,
ID_11625f,
ID_116df8,
ID_11762a,
ID_117cc1,
ID_11822e,
ID_119630,
ID_119df1,
ID_11b661,
ID_11b6dc,
ID_11b9f9,
ID_11bad2,
ID_11bca8,
ID_11bfa2,
ID_11cf8f,
ID_11e273,
ID_11efb2,
ID_11f8f0,
ID_11ffbf,
ID_120032,
ID_1207eb,
ID_1209dd,
ID_120eb8,
ID_120fcf,
ID_121345,
ID_123450,
ID_1258a8,
ID_1259ce,
ID_12621e,
ID_126ba7,
ID_12738e,
ID_12865c,
ID_12977b,
ID_129805,
ID_129d62,
ID_12a39d,
ID_12aa17,
ID_12aa4e,
ID_12b889,
ID_12b9c7,
ID_12c6b3,
ID_12c804,
ID_12cb95,
ID_12cd90,
ID_12d2a1,
ID_12d412,
ID_12d513,
ID_12d742,
ID_12d9a6,
ID_12dcc8,
ID_12e2f4,
ID_12f051,
ID_12f210,
ID_13073e,
ID_130ad1,
ID_131489,
ID_131ef1,
ID_133be3,
ID_133dcc,
ID_133fe4,
ID_134a68,
ID_1354d2,
ID_1362d8,
ID_136955,
ID_1373b2,
ID_138049,
ID_13928a,
ID_13c700,
ID_13d789,
ID_13df96,
ID_13e216,
ID_13e8fb,
ID_13e969,
ID_13f590,
ID_140328,
ID_1409da,
ID_140e78,
ID_141a28,
ID_146417,
ID_146820,
ID_1468bf,
ID_146973,
ID_146edc,
ID_1470f0,
ID_1471f5,
ID_147496,
ID_149548,
ID_149681,
ID_1497d7,
ID_149985,
ID_149fac,
ID_14a0b9,
ID_14af10,
ID_14bdea,
ID_14bead,
ID_14c6af,
ID_14d1ad,
ID_14f38e,
ID_14f729,
ID_14f76d,
ID_14ffc8,
ID_1507e6,
ID_1519a7,
ID_152292,
ID_1531f7,
ID_15388c,
ID_153965,
ID_153d5c,
ID_154252,
ID_154678,
ID_155464,
ID_1556ec,
ID_1558d0,
ID_155a76,
ID_155e18,
ID_15631f,
ID_156d6f,
ID_156fc2,
ID_157b7a,
ID_158056,
ID_159904,
ID_159de0,
ID_159f03,
ID_15a531,
ID_15a718,
ID_15ae0c,
ID_15b2aa,
ID_15c1fb,
ID_15c749,
ID_15cb22,
ID_15d3a2,
ID_15f176,
ID_15f260,
ID_15f65e,
ID_15fd0b,
ID_163707,
ID_16393e,
ID_164130,
ID_1655a5,
ID_1660e6,
ID_1673d8,
ID_167dc6,
ID_1698f6,
ID_16b20e,
ID_16b24f,
ID_16c11d,
ID_16c9a7,
ID_16ccba,
ID_16d3b3,
ID_16dd25,
ID_16e051,
ID_1709fc,
ID_170ac5,
ID_170c10,
ID_170ccd,
ID_170f42,
ID_1710b8,
ID_171f5b,
ID_1724e0,
ID_172ee1,
ID_172f04,
ID_172f2a,
ID_173b38,
ID_173be0,
ID_173f8a,
ID_174690,
ID_175c30,
ID_1761c9,
ID_176afe,
ID_177019,
ID_1771fd,
ID_17744d,
ID_177e70,
ID_17810d,
ID_1785d0,
ID_17a534,
ID_17b09d,
ID_17cc6f,
ID_17d5e1,
ID_17e22e,
ID_17f5bf,
ID_17fa4b,
ID_180220,
ID_1804b0,
ID_18114c,
ID_18134a,
ID_181ce4,
ID_1824ca,
ID_182565,
ID_182e80,
ID_1832f5,
ID_183dcc,
ID_184d2c,
ID_185115,
ID_186df9,
ID_186e92,
ID_186f7c,
ID_187215,
ID_188045,
ID_18834c,
ID_18a1d2,
ID_18b5b8,
ID_18b7a5,
ID_18bfcf,
ID_18c133,
ID_18c4a1,
ID_18d028,
ID_18d08c,
ID_18e00d,
ID_18e44b,
ID_18e6e7,
ID_18ec59,
ID_18fc91,
ID_190bbe,
ID_191792,
ID_192573,
ID_192d33,
ID_19314d,
ID_1932e6,
ID_194300,
ID_194980,
ID_195309,
ID_19553c,
ID_195c07,
ID_195db9,
ID_196a4d,
ID_197350,
ID_1973e1,
ID_197b56,
ID_198ef0,
ID_199620,
ID_199968,
ID_19b531,
ID_19b739,
ID_19c818,
ID_19cd49,
ID_19d0ba,
ID_19d3ad,
ID_19edbf,
ID_19f2d2,
ID_19f2fc,
ID_19f561,
ID_19f6cb,
ID_1a1825,
ID_1a1b43,
ID_1a1b7a,
ID_1a30c3,
ID_1a4c89,
ID_1a4f3b,
ID_1a4f3d,
ID_1a5ed0,
ID_1a7a2f,
ID_1a7be1,
ID_1a8021,
ID_1a860b,
ID_1a8d27,
ID_1a91b5,
ID_1aa61e,
ID_1aa625,
ID_1ad57f,
ID_1ad76c,
ID_1adb74,
ID_1ae14b,
ID_1ae906,
ID_1aec0f,
ID_1af22a,
ID_1af374,
ID_1af84c,
ID_1b0370,
ID_1b0509,
ID_1b0a5c,
ID_1b1a19,
ID_1b31ed,
ID_1b377f,
ID_1b49d7,
ID_1b7a68,
ID_1b8983,
ID_1b8ebf,
ID_1b9d00,
ID_1ba449,
ID_1ba49d,
ID_1ba8f2,
ID_1ba905,
ID_1baa1e,
ID_1bc0cb,
ID_1bd1b3,
ID_1bdf97,
ID_1bef88,
ID_1bf620,
ID_1bf69e,
ID_1bf7dc,
ID_1c0e1d,
ID_1c1735,
ID_1c18ff,
ID_1c1d75,
ID_1c1e0d,
ID_1c1e36,
ID_1c2112,
ID_1c2eb0,
ID_1c3082,
ID_1c3ff9,
ID_1c4cf4,
ID_1c543d,
ID_1c5bff,
ID_1c6191,
ID_1c61f3,
ID_1c62f0,
ID_1c6445,
ID_1c648a,
ID_1c751a,
ID_1c8838,
ID_1c8907,
ID_1c99b5,
ID_1c9c37,
ID_1c9eaf,
ID_1cbc30,
ID_1cbdee,
ID_1ccb01,
ID_1ce98c,
ID_1ceaa1,
ID_1ceffb,
ID_1cf124,
ID_1cf1d6,
ID_1cf7a0,
ID_1cff53,
ID_1d18ee,
ID_1d1a7a,
ID_1d23a3,
ID_1d2581,
ID_1d3f87,
ID_1d44c4,
ID_1d46d9,
ID_1d4991,
ID_1d49f2,
ID_1d5418,
ID_1d66dc,
ID_1d89f5,
ID_1d90cb,
ID_1d9b4d,
ID_1dbc70,
ID_1de546,
ID_1dec39,
ID_1e0c6c,
ID_1e1621,
ID_1e173a,
ID_1e178e,
ID_1e1d3a,
ID_1e26f7,
ID_1e3508,
ID_1e355e,
ID_1e60f1,
ID_1e61ff,
ID_1e63c4,
ID_1e7b74,
ID_1e987b,
ID_1e9ef4,
ID_1ea194,
ID_1eac21,
ID_1ec019,
ID_1ec078,
ID_1ec2c2,
ID_1ec49e,
ID_1ee873,
ID_1ef9c8,
ID_1efc3f,
ID_1efd4c,
ID_1f0478,
ID_1f097f,
ID_1f0bd5,
ID_1f0ee3,
ID_1f23dc,
ID_1f26b3,
ID_1f360c,
ID_1f4629,
ID_1f56b0,
ID_1f599f,
ID_1f5bb1,
ID_1f70f5,
ID_1f759e,
ID_1f7abd,
ID_1f7be7,
ID_1f8e60,
ID_1fc058,
ID_1fc589,
ID_1fcacd,
ID_1fce75,
ID_1fdd41,
ID_1fff81,
ID_2008fb,
ID_2023aa,
ID_202c79,
ID_203a8d,
ID_203efe,
ID_204c0d,
ID_2053ae,
ID_205aec,
ID_20613c,
ID_2074f6,
ID_208020,
ID_208083,
ID_2084be,
ID_208bf1,
ID_209eef,
ID_209fbb,
ID_20a0cc,
ID_20a9ae,
ID_20ac8c,
ID_20ad25,
ID_20bc77,
ID_20c69b,
ID_20d8cc,
ID_20e551,
ID_210433,
ID_210658,
ID_213649,
ID_215106,
ID_21534f,
ID_215b1f,
ID_216126,
ID_218805,
ID_219330,
ID_21a826,
ID_21c5ab,
ID_21d71e,
ID_21d91f,
ID_21e3c0,
ID_21f17f,
ID_2207ce,
ID_220a8b,
ID_220b7b,
ID_221c0e,
ID_223a51,
ID_223caa,
ID_224bb8,
ID_224ec0,
ID_2265cc,
ID_22845d,
ID_22868e,
ID_229136,
ID_22958d,
ID_22973b,
ID_2298c2,
ID_22b385,
ID_22b385,
ID_22c554,
ID_22cb64,
ID_22cf16,
ID_22df70,
ID_22dfa3,
ID_22f28a,
ID_22f56a,
ID_22f5a2,
ID_22fa67,
ID_230c7b,
ID_230d1f,
ID_231447,
ID_2314c9,
ID_232289,
ID_2331bc,
ID_23361e,
ID_23383a,
ID_2341b7,
ID_234ba1,
ID_23599c,
ID_2366a0,
ID_237259,
ID_237aa7,
ID_23849a,
ID_23865d,
ID_238b41,
ID_238d25,
ID_238e24,
ID_239b0b,
ID_23a25d,
ID_23acfb,
ID_23b410,
ID_23bc05,
ID_23bf06,
ID_23c158,
ID_23d9a4,
ID_23db42,
ID_23de15,
ID_23e0d1,
ID_23e1e2,
ID_23e288,
ID_23f4c9,
ID_23f688,
ID_23f7a4,
ID_2405f8,
ID_240692,
ID_240728,
ID_241187,
ID_24157d,
ID_2419d2,
ID_242e86,
ID_243123,
ID_2435b4,
ID_2456bc,
ID_2461ff,
ID_24649c,
ID_246aea,
ID_247c8a,
ID_249963,
ID_249fdd,
ID_24a465,
ID_24a5f7,
ID_24b936,
ID_24c395,
ID_24c4aa,
ID_24cff1,
ID_24d4a9,
ID_24d55d,
ID_24df25,
ID_24e675,
ID_24ec29,
ID_24eeb2,
ID_24f731,
ID_24fae7,
ID_24fcb7,
ID_24fe7c,
ID_250b53,
ID_2510e3,
ID_2514bc,
ID_251ced,
ID_251e42,
ID_25239f,
ID_2524f2,
ID_252518,
ID_252731,
ID_252f05,
ID_25319d,
ID_25378e,
ID_254489,
ID_254a4f,
ID_254b2f,
ID_2567c8,
ID_257619,
ID_2576eb,
ID_257a50,
ID_2588be,
ID_25926e,
ID_25986d,
ID_25a1f5,
ID_25aacd,
ID_25ad99,
ID_25c75a,
ID_25d6f3,
ID_25eb6a,
ID_25ed4a,
ID_25f585,
ID_25f713,
ID_260696,
ID_2625a7,
ID_264766,
ID_2666c8,
ID_266a02,
ID_267a1a,
ID_2683ba,
ID_2684e8,
ID_26851c,
ID_26893c,
ID_269938,
ID_2699bd,
ID_2699d0,
ID_269fcb,
ID_26aec8,
ID_26b500,
ID_26d36a,
ID_26daf3,
ID_26eb62,
ID_26ec1c,
ID_26ed0e,
ID_26ed3b,
ID_26f4e6,
ID_2703e3,
ID_27040a,
ID_272bb4,
ID_2735ed,
ID_2736fd,
ID_2737a5,
ID_273c1b,
ID_2746b6,
ID_27492d,
ID_274c2a,
ID_275355,
ID_275503,
ID_2762a6,
ID_27641c,
ID_277633,
ID_277a7d,
ID_278189,
ID_2784e6,
ID_278bca,
ID_27963d,
ID_279fcf,
ID_27a705,
ID_27a93f,
ID_27b016,
ID_27c075,
ID_27cbc6,
ID_27d908,
ID_27dba8,
ID_27f721,
ID_27f7a4,
ID_27fc63,
ID_27fc8d,
ID_27fe35,
ID_28010f,
ID_281394,
ID_283328,
ID_285145,
ID_28645d,
ID_28666d,
ID_2866a0,
ID_28685c,
ID_288418,
ID_28926a,
ID_289919,
ID_28ae2a,
ID_28b35a,
ID_28b44a,
ID_28b53a,
ID_28ba25,
ID_28e578,
ID_28e7ea,
ID_28e8bf,
ID_28ea29,
ID_28ed3e,
ID_290706,
ID_290b46,
ID_291fa5,
ID_2927ca,
ID_293b63,
ID_29417c,
ID_29667a,
ID_29921f,
ID_299cb7,
ID_29d66d,
ID_29db3b,
ID_29e4dc,
ID_29fbfc,
ID_29fe3a,
ID_2a3069,
ID_2a38ab,
ID_2a5701,
ID_2a6069,
ID_2a6467,
ID_2a6903,
ID_2a6be6,
ID_2a6ea7,
ID_2a9092,
ID_2a9549,
ID_2a95ea,
ID_2a9754,
ID_2a9bf6,
ID_2a9cf2,
ID_2a9d64,
ID_2aa474,
ID_2aaa02,
ID_2aab01,
ID_2ab2bd,
ID_2ab6d6,
ID_2abebe,
ID_2abf90,
ID_2ac686,
ID_2ad356,
ID_2ad4aa,
ID_2ad699,
ID_2ad7c5,
ID_2addbc,
ID_2ae3f6,
ID_2aea61,
ID_2aff1e,
ID_2b0730,
ID_2b22d9,
ID_2b2d05,
ID_2b30b7,
ID_2b3b25,
ID_2b495d,
ID_2b49f0,
ID_2b4af5,
ID_2b4ba8,
ID_2b603c,
ID_2ba0cf,
ID_2ba1f9,
ID_2ba981,
ID_2bb808,
ID_2bba6f,
ID_2bbc36,
ID_2bc72b,
ID_2bf115,
ID_2bf595,
ID_2bfb40,
ID_2c0dc1,
ID_2c13fa,
ID_2c21de,
ID_2c2ca0,
ID_2c459d,
ID_2c5dfb,
ID_2c62c5,
ID_2c671a,
ID_2c6753,
ID_2c7d00,
ID_2c9211,
ID_2c9682,
ID_2c9ae8,
ID_2ca4fc,
ID_2cb692,
ID_2cb6bf,
ID_2cc118,
ID_2cc590,
ID_2cc8d5,
ID_2cca91,
ID_2cd920,
ID_2cd96c,
ID_2cdd17,
ID_2d0bcb,
ID_2d10cb,
ID_2d1a78,
ID_2d2d6d,
ID_2d51ff,
ID_2d6581,
ID_2d6889,
ID_2d7471,
ID_2d794b,
ID_2d7ed6,
ID_2d821b,
ID_2d972a,
ID_2da01b,
ID_2da505,
ID_2da9fc,
ID_2dac46,
ID_2dac63,
ID_2db351,
ID_2db854,
ID_2dcfaf,
ID_2df114,
ID_2e02bf,
ID_2e0904,
ID_2e1d94,
ID_2e4085,
ID_2e4129,
ID_2e6a43,
ID_2e7179,
ID_2e7eed,
ID_2e7fda,
ID_2e83e9,
ID_2e9c80,
ID_2ea0cf,
ID_2ea7b4,
ID_2eb1be,
ID_2eb539,
ID_2ebb4f,
ID_2ebcdb,
ID_2ec67b,
ID_2ee7d2,
ID_2ef2fc,
ID_2effaa,
ID_2f2ae4,
ID_2f36bf,
ID_2f3a89,
ID_2f3ba3,
ID_2f3f29,
ID_2f4557,
ID_2f5300,
ID_2f559f,
ID_2f584d,
ID_2f5c1f,
ID_2f8a0b,
ID_2fa013,
ID_2fa9c9,
ID_2fb7db,
ID_2fb7fc,
ID_2fbbcb,
ID_2fe274,
ID_2fe634,
ID_3004dd,
ID_300a3e,
ID_300aca,
ID_300ade,
ID_301cdb,
ID_301f75,
ID_3021a0,
ID_3042e2,
ID_305c3e,
ID_305fa2,
ID_305fa4,
ID_306a23,
ID_3072b7,
ID_307bd8,
ID_30821d,
ID_308801,
ID_30896a,
ID_308f79,
ID_308fdb,
ID_309708,
ID_30d0c3,
ID_30db0a,
ID_30df83,
ID_30e872,
ID_30f2b9,
ID_30fb32,
ID_311222,
ID_312af7,
ID_312c7f,
ID_312e80,
ID_31321c,
ID_313612,
ID_313f09,
ID_3145cb,
ID_315581,
ID_3156dd,
ID_315839,
ID_317d66,
ID_318ab4,
ID_319d83,
ID_31af0f,
ID_31afab,
ID_31b00e,
ID_31d61e,
ID_31dab9,
ID_31df3a,
ID_31eb28,
ID_31f396,
ID_31f796,
ID_322833,
ID_323d3e,
ID_324687,
ID_324968,
ID_324ac0,
ID_324c4f,
ID_3267e2,
ID_326b77,
ID_326d3e,
ID_327386,
ID_327472,
ID_32864c,
ID_329a39,
ID_329b76,
ID_32ad19,
ID_32c6a9,
ID_32c87b,
ID_32f097,
ID_32f330,
ID_32f504,
ID_32fd6d,
ID_32fe8e,
ID_330dab,
ID_330eab,
ID_3325b5,
ID_333598,
ID_333c69,
ID_334e06,
ID_334e93,
ID_335607,
ID_335c85,
ID_336310,
ID_336659,
ID_336a78,
ID_337326,
ID_3373e6,
ID_337a8d,
ID_337e74,
ID_338d24,
ID_339417,
ID_33a412,
ID_33a975,
ID_33b6bf,
ID_33bd34,
ID_33c430,
ID_33c540,
ID_33c65f,
ID_33c973,
ID_33de03,
ID_33e3ec,
ID_33e988,
ID_33fb2b,
ID_340493,
ID_341631,
ID_342424,
ID_342619,
ID_342bdf,
ID_3439b1,
ID_344b65,
ID_345b31,
ID_345ff5,
ID_346c0a,
ID_34724a,
ID_3477e9,
ID_347e95,
ID_349cef,
ID_34b902,
ID_34be9a,
ID_34bfab,
ID_34c5cd,
ID_34dc26,
ID_34e57d,
ID_34f01f,
ID_34f69f,
ID_350237,
ID_350304,
ID_3507fb,
ID_350a11,
ID_350c87,
ID_35131b,
ID_352433,
ID_35244b,
ID_352e96,
ID_352f0a,
ID_3536f5,
ID_354264,
ID_354b0e,
ID_35587b,
ID_355d28,
ID_35628f,
ID_357061,
ID_357464,
ID_358dd7,
ID_35a2c0,
ID_35a2ed,
ID_35a863,
ID_35aca6,
ID_35ba32,
ID_35bcc2,
ID_35c095,
ID_35d02c,
ID_35d304,
ID_35e983,
ID_35e9af,
ID_35f28c,
ID_360070,
ID_360cba,
ID_361792,
ID_36287c,
ID_3628a8,
ID_363cd6,
ID_36406d,
ID_3644d2,
ID_36651d,
ID_3667be,
ID_367f8d,
ID_369f94,
ID_36a0ed,
ID_36b305,
ID_36ba14,
ID_36ca76,
ID_36cb35,
ID_36cb3d,
ID_36d3c3,
ID_36d464,
ID_36dab1,
ID_36ecc3,
ID_36f132,
ID_37034a,
ID_3705b0,
ID_3707e3,
ID_371871,
ID_3726c4,
ID_372e13,
ID_372f76,
ID_372f7b,
ID_37315f,
ID_373181,
ID_37343b,
ID_373b3c,
ID_374bd7,
ID_375962,
ID_376bfd,
ID_3777ed,
ID_37784a,
ID_3782bd,
ID_379a60,
ID_379dba,
ID_37a369,
ID_37a4fb,
ID_37a8a0,
ID_37ac86,
ID_37b818,
ID_37cc8e,
ID_37d0c4,
ID_37edc5,
ID_37f0e2,
ID_37feed,
ID_38032a,
ID_380493,
ID_3817d4,
ID_38180d,
ID_381a4f,
ID_381ee0,
ID_384404,
ID_384976,
ID_3859f1,
ID_386927,
ID_386a13,
ID_389215,
ID_389d2d,
ID_389e4a,
ID_38b157,
ID_38c26f,
ID_38c9be,
ID_38dc0c,
ID_38e0ef,
ID_38f512,
ID_390920,
ID_390a71,
ID_390ab6,
ID_391097,
ID_392612,
ID_392daf,
ID_39305d,
ID_39310c,
ID_393bb3,
ID_3947cb,
ID_39598e,
ID_3959d3,
ID_395b0e,
ID_396a6b,
ID_396c8e,
ID_396e64,
ID_3970b3,
ID_3971b0,
ID_39731c,
ID_39872d,
ID_39a3c4,
ID_39c42c,
ID_39cb1a,
ID_39d495,
ID_39efa4,
ID_39f07d,
ID_39f2d0,
ID_39fef9,
ID_3a087e,
ID_3a133a,
ID_3a19ac,
ID_3a1a64,
ID_3a2382,
ID_3a4216,
ID_3a4478,
ID_3a4830,
ID_3a4a1b,
ID_3a5052,
ID_3a5331,
ID_3a5760,
ID_3a5a78,
ID_3a7837,
ID_3a8bc1,
ID_3a8dce,
ID_3a8f77,
ID_3a950b,
ID_3a952f,
ID_3aa33f,
ID_3ab2ac,
ID_3ad863,
ID_3af1f2,
ID_3b002b,
ID_3b1cae,
ID_3b1d71,
ID_3b2274,
ID_3b2751,
ID_3b45b2,
ID_3b4a94,
ID_3b688b,
ID_3b6c1a,
ID_3b731f,
ID_3b80c4,
ID_3b8256,
ID_3b82c3,
ID_3b8d2e,
ID_3b99f6,
ID_3badcb,
ID_3bae11,
ID_3baefd,
ID_3bbab6,
ID_3bc954,
ID_3bca56,
ID_3bd788,
ID_3bdf9d,
ID_3be84f,
ID_3bfd22,
ID_3bfe5f,
ID_3c03ef,
ID_3c081b,
ID_3c1608,
ID_3c1e87,
ID_3c2c85,
ID_3c41a2,
ID_3c47fd,
ID_3c5f28,
ID_3c70bd,
ID_3c7a83,
ID_3c7d15,
ID_3c80d8,
ID_3c8b21,
ID_3c9091,
ID_3cad16,
ID_3cae3e,
ID_3cb86c,
ID_3cbb59,
ID_3cbd12,
ID_3cc0da,
ID_3ccabe,
ID_3cd3b2,
ID_3cd9c7,
ID_3d00a9,
ID_3d09ea,
ID_3d10b9,
ID_3d1f4e,
ID_3d2c15,
ID_3d2f19,
ID_3d36b2,
ID_3d4ab8,
ID_3d575c,
ID_3d576d,
ID_3d585e,
ID_3d6d49,
ID_3d77ec,
ID_3d7902,
ID_3d8541,
ID_3d8c5e,
ID_3d9316,
ID_3d9ac4,
ID_3da59e,
ID_3dae9a,
ID_3db725,
ID_3dbc4e,
ID_3dbd04,
ID_3dc3f1,
ID_3dc8fb,
ID_3dd793,
ID_3dd978,
ID_3ddf36,
ID_3dea8f,
ID_3df433,
ID_3dfd74,
ID_3dfdf2,
ID_3e20c5,
ID_3e212e,
ID_3e21fa,
ID_3e26c8,
ID_3e3efd,
ID_3e4412,
ID_3e50cc,
ID_3e9d8b,
ID_3eaa8e,
ID_3eb786,
ID_3ecb05,
ID_3ee614,
ID_3eea36,
ID_3ef01e,
ID_3ef142,
ID_3ef988,
ID_3f2281,
ID_3f292b,
ID_3f2abe,
ID_3f2d79,
ID_3f2e90,
ID_3f4f5c,
ID_3f564b,
ID_3f649f,
ID_3f733a,
ID_3f73b8,
ID_3f75cf,
ID_3f82bc,
ID_3fcbc4,
ID_3fcc9c,
ID_3fd8f2,
ID_3fe790,
ID_400567,
ID_400eb4,
ID_40138f,
ID_404163,
ID_404471,
ID_4044cb,
ID_40453a,
ID_4047af,
ID_4053c1,
ID_40721c,
ID_4076bf,
ID_407b54,
ID_4081c0,
ID_408d42,
ID_40933f,
ID_40a797,
ID_40c683,
ID_40ccfa,
ID_40d725,
ID_40ed5f,
ID_40f3d8,
ID_40fccd,
ID_40febb,
ID_40ff05,
ID_4112a7,
ID_412501,
ID_412a5f,
ID_412b07,
ID_413a59,
ID_416a29,
ID_419887,
ID_41a95a,
ID_41c2e1,
ID_41ce2a,
ID_41d012,
ID_41dc9c,
ID_41e316,
ID_41e438,
ID_41e7e3,
ID_41ef8c,
ID_41f4a4,
ID_41fa14,
ID_42080e,
ID_422b94,
ID_424053,
ID_424f5e,
ID_425407,
ID_42564f,
ID_425926,
ID_426ce5,
ID_4284d2,
ID_428538,
ID_4288cf,
ID_4292ab,
ID_429572,
ID_4298ff,
ID_429f03,
ID_42a124,
ID_42a2c0,
ID_42b1ba,
ID_42b582,
ID_42b71f,
ID_42d16d,
ID_42d2e6,
ID_42d5a1,
ID_42f091,
ID_42f58b,
ID_4301f9,
ID_4310e1,
ID_431382,
ID_4319f3,
ID_433120,
ID_434099,
ID_434549,
ID_43587b,
ID_436320,
ID_436a93,
ID_436df2,
ID_437dcc,
ID_438765,
ID_43945c,
ID_439cd0,
ID_43b24c,
ID_43b61d,
ID_43bd40,
ID_43bd6c,
ID_43c785,
ID_43f53c,
ID_441446,
ID_443e59,
ID_44416b,
ID_444319,
ID_4469f2,
ID_446a51,
ID_446e6f,
ID_4478ed,
ID_448298,
ID_44a6bb,
ID_44b9f0,
ID_44c317,
ID_44c997,
ID_44db87,
ID_44dcc9,
ID_44e3d7,
ID_44e6ea,
ID_44ec89,
ID_44edaa,
ID_450082,
ID_4505ad,
ID_45366b,
ID_453c98,
ID_455938,
ID_455fa6,
ID_457aec,
ID_45845b,
ID_458533,
ID_45880d,
ID_458d0c,
ID_458f05,
ID_45c09f,
ID_45ca51,
ID_45cc58,
ID_45d03a,
ID_45d837,
ID_45e9d5,
ID_45ebab,
ID_45ee98,
ID_45efc6,
ID_45f67f,
ID_45fbd0,
ID_46004b,
ID_460441,
ID_460728,
ID_460c98,
ID_4617c4,
ID_463c85,
ID_463ff2,
ID_4657d1,
ID_4659c4,
ID_46622f,
ID_466a11,
ID_46704c,
ID_4679a8,
ID_467ace,
ID_4684c4,
ID_4691e3,
ID_46b3f7,
ID_46b8fa,
ID_46bc13,
ID_46d389,
ID_46d3f1,
ID_46e0f5,
ID_46e103,
ID_46f1c1,
ID_46f3e7,
ID_46f6eb,
ID_47025c,
ID_470cbe,
ID_471936,
ID_471b99,
ID_471ed2,
ID_472a7d,
ID_473c34,
ID_474173,
ID_474e9a,
ID_4757a7,
ID_478cc4,
ID_478ef7,
ID_47944c,
ID_4795fb,
ID_47a5ab,
ID_47a9df,
ID_47a9f8,
ID_47aa53,
ID_47b343,
ID_47b93d,
ID_47c355,
ID_47cd4c,
ID_47cdd8,
ID_47fef9,
ID_47ff64,
ID_4804ff,
ID_481208,
ID_4814e2,
ID_4821fe,
ID_482843,
ID_48299d,
ID_483675,
ID_4839e4,
ID_483d43,
ID_483eae,
ID_484cb2,
ID_484e3c,
ID_4853de,
ID_485c7e,
ID_485c9e,
ID_485e4d,
ID_48617b,
ID_487b31,
ID_487e71,
ID_48829e,
ID_4889e7,
ID_4892ed,
ID_489abf,
ID_489c15,
ID_48a0fb,
ID_48a405,
ID_48a8b3,
ID_48a8d5,
ID_48aaa8,
ID_48ad51,
ID_48af1c,
ID_48b1ac,
ID_48b77c,
ID_48bbec,
ID_48c155,
ID_48c5a4,
ID_48ce56,
ID_48e2f9,
ID_48ea35,
ID_490c76,
ID_493706,
ID_495fb4,
ID_49650b,
ID_49725e,
ID_49766e,
ID_49818c,
ID_49882e,
ID_4992a3,
ID_499ed1,
ID_49aac8,
ID_49ae1f,
ID_49b167,
ID_49cdf4,
ID_49dd88,
ID_49fbd0,
ID_49fd5f,
ID_4a07eb,
ID_4a0ef6,
ID_4a2355,
ID_4a27d4,
ID_4a3b23,
ID_4a44c3,
ID_4a4c18,
ID_4a4f05,
ID_4a5dbe,
ID_4a657e,
ID_4a69c3,
ID_4a6a0f,
ID_4a6bbb,
ID_4a72e8,
ID_4a754f,
ID_4a77c9,
ID_4a8b1f,
ID_4a8e93,
ID_4a92e8,
ID_4aa2f4,
ID_4aa48b,
ID_4aa5b2,
ID_4ab43f,
ID_4abd24,
ID_4abf4d,
ID_4ad5e0,
ID_4ad621,
ID_4ad857,
ID_4ae829,
ID_4aef46,
ID_4afa1c,
ID_4aff86,
ID_4b01b1,
ID_4b06fd,
ID_4b1a40,
ID_4b2a52,
ID_4b3118,
ID_4b3319,
ID_4b4278,
ID_4b6821,
ID_4b7eef,
ID_4b844e,
ID_4b8911,
ID_4b9425,
ID_4ba55c,
ID_4ba68b,
ID_4baf41,
ID_4bc026,
ID_4bc81f,
ID_4bdb98,
ID_4be023,
ID_4be7d4,
ID_4bf026,
ID_4bf7d0,
ID_4c3362,
ID_4c3978,
ID_4c5850,
ID_4c6354,
ID_4c63e1,
ID_4c65b5,
ID_4c6838,
ID_4c7e5d,
ID_4c814b,
ID_4c8157,
ID_4c9805,
ID_4c9aa1,
ID_4caa3e,
ID_4cabda,
ID_4cadfa,
ID_4caf3c,
ID_4cc64f,
ID_4cc70f,
ID_4ccaa9,
ID_4ceac7,
ID_4cefac,
ID_4cf728,
ID_4d004b,
ID_4d0221,
ID_4d0888,
ID_4d0d55,
ID_4d1c9c,
ID_4d4252,
ID_4d54d1,
ID_4d5e01,
ID_4d72f1,
ID_4d7357,
ID_4da07e,
ID_4da3c6,
ID_4da859,
ID_4da987,
ID_4db00c,
ID_4db20d,
ID_4dd673,
ID_4dd986,
ID_4ddcd3,
ID_4de7b0,
ID_4dfba1,
ID_4dfcd0,
ID_4e1a92,
ID_4e1cc6,
ID_4e264d,
ID_4e280c,
ID_4e35c4,
ID_4e3d4c,
ID_4e3fec,
ID_4e4b03,
ID_4e59fe,
ID_4e67e3,
ID_4e6b4c,
ID_4e717a,
ID_4e8db4,
ID_4e96af,
ID_4eb688,
ID_4ec84e,
ID_4ed9db,
ID_4ee315,
ID_4eea6d,
ID_4eedb2,
ID_4ef7af,
ID_4f0149,
ID_4f01ba,
ID_4f0704,
ID_4f1153,
ID_4f1db4,
ID_4f310d,
ID_4f35f4,
ID_4f4018,
ID_4f4536,
ID_4f455f,
ID_4f5189,
ID_4f527a,
ID_4f545c,
ID_4f5f6d,
ID_4f754a,
ID_4f7dc4,
ID_4f8138,
ID_4f871d,
ID_4f8b1e,
ID_4f95ae,
ID_4f97cb,
ID_4fa17a,
ID_4fa53a,
ID_4fa888,
ID_4fc007,
ID_4fc7e9,
ID_4fdce9,
ID_4fdda8,
ID_4fe2d4,
ID_4ff428,
ID_500195,
ID_500b47,
ID_500ebf,
ID_502b8b,
ID_503553,
ID_504c5e,
ID_504ef5,
ID_50556b,
ID_505f27,
ID_506899,
ID_5073f7,
ID_507531,
ID_507ef6,
ID_50847d,
ID_5085e6,
ID_5091ce,
ID_509d2c,
ID_50b74f,
ID_50b7cf,
ID_50b8bd,
ID_50b9d3,
ID_50c127,
ID_50cb91,
ID_50d417,
ID_50d6c0,
ID_50e4ec,
ID_50eb51,
ID_50fae3,
ID_50fefc,
ID_5103b1,
ID_510618,
ID_511190,
ID_51124e,
ID_511485,
ID_51187e,
ID_512403,
ID_5126d1,
ID_513272,
ID_51351d,
ID_513cfb,
ID_513e13,
ID_514dda,
ID_515b49,
ID_516451,
ID_517025,
ID_517b44,
ID_518750,
ID_519393,
ID_519514,
ID_519baa,
ID_51a583,
ID_51b3dd,
ID_51bc9a,
ID_51ca8e,
ID_51cf27,
ID_51e87f,
ID_52016a,
ID_521ee6,
ID_522134,
ID_522966,
ID_522a12,
ID_523e8e,
ID_523fc5,
ID_52494b,
ID_52565d,
ID_5271c9,
ID_5272d3,
ID_528454,
ID_528601,
ID_52a211,
ID_52af56,
ID_52afcb,
ID_52b2ab,
ID_52c322,
ID_52cf04,
ID_52de01,
ID_52eb66,
ID_52f896,
ID_530b2e,
ID_5320cb,
ID_53274c,
ID_5329be,
ID_534550,
ID_534804,
ID_536075,
ID_536a66,
ID_536fd1,
ID_537eb3,
ID_538f00,
ID_539c5c,
ID_539e5b,
ID_539e89,
ID_53ae37,
ID_53c03d,
ID_53cc1c,
ID_53ccee,
ID_53d25f,
ID_53d5f5,
ID_53e5e2,
ID_53ff07,
ID_540efe,
ID_541d1a,
ID_541d83,
ID_542eef,
ID_5438ef,
ID_543ab2,
ID_544b1d,
ID_544fa6,
ID_54505a,
ID_545746,
ID_5461d0,
ID_54666a,
ID_54679b,
ID_5474e0,
ID_547dba,
ID_5484ae,
ID_548861,
ID_549c55,
ID_549db0,
ID_54bf83,
ID_54cb8b,
ID_54ccd5,
ID_54cd76,
ID_54cdec,
ID_54d0b3,
ID_54d489,
ID_54dbce,
ID_54e6c0,
ID_54e7ee,
ID_54fedf,
ID_551429,
ID_55211e,
ID_5524e9,
ID_5529b2,
ID_552e9c,
ID_55367a,
ID_554a4b,
ID_558adc,
ID_559c55,
ID_55a680,
ID_55abe5,
ID_55b1a7,
ID_55b29b,
ID_55bdc3,
ID_55c043,
ID_55ed81,
ID_55edca,
ID_55ef7f,
ID_55fa97,
ID_562261,
ID_56234d,
ID_562429,
ID_562a33,
ID_562c48,
ID_563cdf,
ID_56401b,
ID_5660a8,
ID_567946,
ID_567fb4,
ID_568462,
ID_568deb,
ID_569870,
ID_569c7b,
ID_56a6b4,
ID_56af3c,
ID_56b719,
ID_56c60a,
ID_56d088,
ID_56dea3,
ID_56fdd9,
ID_57001c,
ID_5703a1,
ID_5706e2,
ID_570d60,
ID_57163e,
ID_57462b,
ID_576316,
ID_576845,
ID_5768a4,
ID_576a6b,
ID_576ae9,
ID_576b4a,
ID_577c03,
ID_578aa4,
ID_5796cd,
ID_5796d6,
ID_57a83c,
ID_57aef3,
ID_57b69c,
ID_57c63d,
ID_57ca73,
ID_57cce4,
ID_57cfa5,
ID_57d7c1,
ID_57e0a5,
ID_57e214,
ID_57ed56,
ID_57f62c,
ID_5810b4,
ID_5817b0,
ID_581ea1,
ID_582ba9,
ID_58342c,
ID_58420b,
ID_584214,
ID_58463a,
ID_584665,
ID_585f11,
ID_586149,
ID_5861a0,
ID_586575,
ID_58720d,
ID_587d1d,
ID_587f93,
ID_5883d1,
ID_589ae3,
ID_58b8bd,
ID_58c46c,
ID_58c7f6,
ID_58c8eb,
ID_58d534,
ID_58d728,
ID_58d80e,
ID_58f6bd,
ID_58f961,
ID_58fe67,
ID_590deb,
ID_59266d,
ID_5936e1,
ID_593ad3,
ID_594c3a,
ID_59561a,
ID_5968d8,
ID_59882b,
ID_598db6,
ID_59a9df,
ID_59ac96,
ID_59b23f,
ID_59b281,
ID_59c335,
ID_59c696,
ID_59ccbf,
ID_59cfde,
ID_59e0ec,
ID_59e14d,
ID_59e688,
ID_59e885,
ID_59fb55,
ID_59fbbf,
ID_5a00da,
ID_5a134a,
ID_5a285d,
ID_5a2abf,
ID_5a2b32,
ID_5a3b58,
ID_5a492e,
ID_5a5da8,
ID_5a6334,
ID_5a690c,
ID_5a804c,
ID_5a859a,
ID_5a86c4,
ID_5a93c6,
ID_5a9d31,
ID_5ab3b2,
ID_5ab7b2,
ID_5abddc,
ID_5ac12e,
ID_5ac97a,
ID_5ad3f7,
ID_5ad6fd,
ID_5ae4f5,
ID_5aef0a,
ID_5afcba,
ID_5b0f89,
ID_5b10ce,
ID_5b1179,
ID_5b17cd,
ID_5b2030,
ID_5b2801,
ID_5b33a4,
ID_5b3456,
ID_5b3e19,
ID_5b4649,
ID_5b5186,
ID_5b673b,
ID_5b701e,
ID_5b806c,
ID_5b85c1,
ID_5b8911,
ID_5b915f,
ID_5b98c8,
ID_5b9904,
ID_5ba325,
ID_5bb03b,
ID_5bb713,
ID_5bbd2b,
ID_5bc980,
ID_5bcdf7,
ID_5bd870,
ID_5be146,
ID_5be2b4,
ID_5be621,
ID_5bf155,
ID_5c01e1,
ID_5c038f,
ID_5c0bdf,
ID_5c0e5c,
ID_5c17ac,
ID_5c2528,
ID_5c2ab1,
ID_5c3834,
ID_5c4ca7,
ID_5c5a88,
ID_5c6284,
ID_5c8fca,
ID_5c934c,
ID_5c9847,
ID_5c9d48,
ID_5caab5,
ID_5cadea,
ID_5cb88b,
ID_5cc5f6,
ID_5ce4f3,
ID_5ce52b,
ID_5ce5af,
ID_5ce950,
ID_5cea7e,
ID_5ceea7,
ID_5cf3fd,
ID_5d0710,
ID_5d07f0,
ID_5d11dd,
ID_5d15b5,
ID_5d1e86,
ID_5d2f34,
ID_5d3421,
ID_5d361d,
ID_5d5221,
ID_5d6052,
ID_5d6930,
ID_5d7013,
ID_5d7021,
ID_5d718f,
ID_5d8016,
ID_5d96c1,
ID_5db4c4,
ID_5dcd06,
ID_5dcd16,
ID_5de6dc,
ID_5de87a,
ID_5decd3,
ID_5df3ae,
ID_5df3f8,
ID_5e0451,
ID_5e04e0,
ID_5e0675,
ID_5e08ef,
ID_5e0bbf,
ID_5e152b,
ID_5e159d,
ID_5e18f3,
ID_5e1972,
ID_5e19fc,
ID_5e1ee2,
ID_5e245c,
ID_5e2b3c,
ID_5e353c,
ID_5e37fb,
ID_5e3878,
ID_5e3e02,
ID_5e49a2,
ID_5e524f,
ID_5e547d,
ID_5e5733,
ID_5e5758,
ID_5e618e,
ID_5e6373,
ID_5e656d,
ID_5e7343,
ID_5e9772,
ID_5ea38e,
ID_5ea614,
ID_5eb497,
ID_5ebb3e,
ID_5ebeb8,
ID_5ed12a,
ID_5ee779,
ID_5efbff,
ID_5efdcd,
ID_5f0157,
ID_5f0928,
ID_5f1aab,
ID_5f1dff,
ID_5f2921,
ID_5f3a17,
ID_5f4fd8,
ID_5f62b5,
ID_5f6d5c,
ID_5f7619,
ID_5f77a1,
ID_5f7b0d,
ID_5f7ff9,
ID_5f825b,
ID_5f96ce,
ID_5f9ca5,
ID_5fa2e8,
ID_5fae89,
ID_5fdf95,
ID_5fe08d,
ID_5fe3bb,
ID_5fe475,
ID_5fe785,
ID_5febb9,
ID_5fedff,
ID_5ff602,
ID_5fffe1,
ID_600741,
ID_601224,
ID_601d7c,
ID_603fa0,
ID_6055aa,
ID_6055c0,
ID_6059b5,
ID_605e92,
ID_606354,
ID_6073eb,
ID_60745a,
ID_607504,
ID_607b5a,
ID_608b0f,
ID_60a1ea,
ID_60a47a,
ID_60a504,
ID_60a5e8,
ID_60b05a,
ID_60ce37,
ID_60d13b,
ID_60d766,
ID_60e99c,
ID_60ed51,
ID_6119a9,
ID_6119dc,
ID_613b20,
ID_614110,
ID_6141a3,
ID_6148fd,
ID_615eb7,
ID_61814d,
ID_6182d8,
ID_6184f7,
ID_6188c5,
ID_61937f,
ID_6198f9,
ID_61a29c,
ID_61a7c1,
ID_61aa9d,
ID_61ac3a,
ID_61b5e1,
ID_61beda,
ID_61c427,
ID_61c512,
ID_61da68,
ID_61e912,
ID_61eb46,
ID_61f6b1,
ID_61ffbb,
ID_62015c,
ID_6202b7,
ID_620519,
ID_620642,
ID_620a9c,
ID_621281,
ID_622a94,
ID_62383d,
ID_623bcc,
ID_623d98,
ID_6249ee,
ID_624ca8,
ID_625be9,
ID_627001,
ID_627bed,
ID_627f8d,
ID_6281be,
ID_629a5a,
ID_62a672,
ID_62ac54,
ID_62b6db,
ID_62ba5a,
ID_62bb0c,
ID_62bbac,
ID_62cb5d,
ID_62d092,
ID_62d7de,
ID_62f6d6,
ID_631beb,
ID_632088,
ID_632224,
ID_63245b,
ID_632d2c,
ID_63333c,
ID_633429,
ID_6343dc,
ID_634466,
ID_634795,
ID_635d0d,
ID_635fa8,
ID_6361be,
ID_63623f,
ID_63643a,
ID_6388fa,
ID_638c32,
ID_638fe1,
ID_6399c9,
ID_63b9bf,
ID_63cdc5,
ID_63d4c6,
ID_63def5,
ID_63f01b,
ID_63f0b7,
ID_63fa33,
ID_6405d1,
ID_640722,
ID_640856,
ID_6408e2,
ID_640c40,
ID_640c9f,
ID_641ef6,
ID_641fcf,
ID_64361f,
ID_6445f1,
ID_6462a1,
ID_6464c8,
ID_6490eb,
ID_64989a,
ID_649ce6,
ID_64c6a2,
ID_64e674,
ID_64eff4,
ID_64fc56,
ID_64fd34,
ID_650770,
ID_650862,
ID_651136,
ID_65142e,
ID_651c10,
ID_651e43,
ID_651f2b,
ID_6526ff,
ID_65326c,
ID_65399c,
ID_653dab,
ID_65493e,
ID_6549ee,
ID_65592d,
ID_655e3c,
ID_656659,
ID_656bdc,
ID_657c17,
ID_657c5c,
ID_657c91,
ID_658441,
ID_658bc8,
ID_65918f,
ID_65947b,
ID_659c64,
ID_65a301,
ID_65a54c,
ID_65a905,
ID_65b031,
ID_65ba19,
ID_65c94f,
ID_65ce48,
ID_65ce53,
ID_65d04f,
ID_65d11e,
ID_65d7ce,
ID_65da43,
ID_65e245,
ID_65e768,
ID_65e7dd,
ID_65efcd,
ID_65f7ee,
ID_65f7fe,
ID_66022b,
ID_661544,
ID_66173a,
ID_6621b7,
ID_664edd,
ID_6656a6,
ID_66585e,
ID_665d90,
ID_6666c6,
ID_666f83,
ID_6670c9,
ID_667b81,
ID_667e7e,
ID_669066,
ID_66acaf,
ID_66b5d4,
ID_66c076,
ID_66d3ab,
ID_66d88b,
ID_66da69,
ID_66da85,
ID_66eceb,
ID_670970,
ID_670971,
ID_670a82,
ID_671d88,
ID_672827,
ID_672c13,
ID_673bdf,
ID_673c72,
ID_67454c,
ID_674841,
ID_675cf5,
ID_67877e,
ID_678d4d,
ID_67b9f5,
ID_67df2a,
ID_67e5b6,
ID_67ec63,
ID_67ecd4,
ID_68071d,
ID_68164b,
ID_682516,
ID_68270b,
ID_6832f6,
ID_6840f7,
ID_6851d4,
ID_68521b,
ID_6853ff,
ID_68604a,
ID_686780,
ID_68678a,
ID_6870b6,
ID_687169,
ID_688780,
ID_688a72,
ID_68a738,
ID_68b086,
ID_68b727,
ID_68b8bd,
ID_68b945,
ID_68cc08,
ID_68d12c,
ID_68d49b,
ID_68eb72,
ID_6901dd,
ID_6903f0,
ID_690a72,
ID_6929d5,
ID_692b84,
ID_6947d1,
ID_694b94,
ID_6952e0,
ID_6959f5,
ID_697672,
ID_6982a6,
ID_69903c,
ID_69a523,
ID_69aee3,
ID_69b0ee,
ID_69ca70,
ID_69cd99,
ID_69cfb7,
ID_6a190f,
ID_6a275a,
ID_6a2949,
ID_6a2da8,
ID_6a3f80,
ID_6a42d5,
ID_6a44bc,
ID_6a4e61,
ID_6a5914,
ID_6a6acb,
ID_6a7bc0,
ID_6a85ea,
ID_6a87c0,
ID_6a8f99,
ID_6aa310,
ID_6aa364,
ID_6aabcd,
ID_6ab358,
ID_6ab50c,
ID_6ac263,
ID_6ac329,
ID_6adbf3,
ID_6ade23,
ID_6aef40,
ID_6af376,
ID_6af99c,
ID_6afa53,
ID_6afad8,
ID_6b0437,
ID_6b0cc4,
ID_6b0d53,
ID_6b207a,
ID_6b2a5b,
ID_6b34aa,
ID_6b3887,
ID_6b4ba9,
ID_6b4d24,
ID_6b5122,
ID_6b5130,
ID_6b6172,
ID_6b6540,
ID_6b7075,
ID_6b9883,
ID_6b9a2a,
ID_6b9ae6,
ID_6b9b83,
ID_6ba1ef,
ID_6bab6a,
ID_6bb3c2,
ID_6bb80a,
ID_6bc403,
ID_6bd0d8,
ID_6bd785,
ID_6bdd42,
ID_6c0b1b,
ID_6c2003,
ID_6c3290,
ID_6c3465,
ID_6c43a4,
ID_6c476d,
ID_6c4965,
ID_6c4d09,
ID_6c69d0,
ID_6c6a52,
ID_6c7bb7,
ID_6c8061,
ID_6c8ec9,
ID_6c90bc,
ID_6cb5ae,
ID_6ce917,
ID_6cebd6,
ID_6ced6d,
ID_6cf656,
ID_6cfce3,
ID_6d09d5,
ID_6d0e28,
ID_6d18c6,
ID_6d2cac,
ID_6d3240,
ID_6d355b,
ID_6d446b,
ID_6d470f,
ID_6d4794,
ID_6d4f36,
ID_6d5188,
ID_6d67c3,
ID_6d71da,
ID_6d7247,
ID_6d785c,
ID_6d78fa,
ID_6d7a82,
ID_6d7af3,
ID_6d7d67,
ID_6db0c3,
ID_6db7e7,
ID_6dc1c7,
ID_6dcd6f,
ID_6decac,
ID_6dedb1,
ID_6df2f0,
ID_6dfc65,
ID_6e04be,
ID_6e0e31,
ID_6e0e4f,
ID_6e1c47,
ID_6e2bc0,
ID_6e3ac7,
ID_6e40a3,
ID_6e4b14,
ID_6e4c30,
ID_6e4efb,
ID_6e52ff,
ID_6e5731,
ID_6e5862,
ID_6e5e73,
ID_6e657e,
ID_6e6911,
ID_6e72ed,
ID_6e7be7,
ID_6e864f,
ID_6e8df7,
ID_6e9fe6,
ID_6ea84e,
ID_6eb516,
ID_6eb9ee,
ID_6ec210,
ID_6ee1f1,
ID_6ee8b4,
ID_6f2286,
ID_6f2dd7,
ID_6f2ecf,
ID_6f3299,
ID_6f474f,
ID_6f4c14,
ID_6f68db,
ID_6f7d0f,
ID_6fb3e0,
ID_6fd797,
ID_6fd8db,
ID_6fe6ea,
ID_6ff1ee,
ID_6ff212,
ID_6ff38e,
ID_6ffee1,
ID_700371,
ID_700afc,
ID_700cb3,
ID_701392,
ID_701ce8,
ID_703359,
ID_703bc5,
ID_70422a,
ID_7055d5,
ID_706188,
ID_706190,
ID_70624e,
ID_70822d,
ID_70916b,
ID_709f10,
ID_70a0b3,
ID_70b2fb,
ID_70c1cf,
ID_70d434,
ID_70d698,
ID_70e276,
ID_70f713,
ID_70f9b5,
ID_712daf,
ID_713220,
ID_71335f,
ID_7136ac,
ID_714130,
ID_7141b8,
ID_7148ff,
ID_7170e8,
ID_71741f,
ID_71837d,
ID_7183da,
ID_718b3f,
ID_718c63,
ID_718f77,
ID_718fa0,
ID_718fa0,
ID_719224,
ID_71a4d7,
ID_71aa37,
ID_71ad82,
ID_71ca2b,
ID_71d108,
ID_71deb0,
ID_71e2a1,
ID_71e8e0,
ID_71eb55,
ID_71ec8d,
ID_71f879,
ID_71f8f5,
ID_71f91d,
ID_720a36,
ID_721321,
ID_7214ca,
ID_721676,
ID_721bde,
ID_722576,
ID_7229eb,
ID_722baa,
ID_722f2b,
ID_722ffb,
ID_7230b1,
ID_72445b,
ID_724dd4,
ID_725412,
ID_72576d,
ID_725af3,
ID_725e96,
ID_7263ea,
ID_7291d4,
ID_729334,
ID_72a36c,
ID_72a3e5,
ID_72a451,
ID_72ab23,
ID_72b8b6,
ID_72bac0,
ID_72bdee,
ID_72ef5c,
ID_72f483,
ID_72ff58,
ID_730ae7,
ID_730ec8,
ID_732c10,
ID_733252,
ID_733826,
ID_734212,
ID_7345c7,
ID_73600e,
ID_7362ba,
ID_736bb8,
ID_736d3e,
ID_737d95,
ID_737ee1,
ID_737f55,
ID_739933,
ID_739971,
ID_73a7c6,
ID_73bc4c,
ID_73c4c3,
ID_73c5e8,
ID_73db05,
ID_73eb41,
ID_73ebae,
ID_73f310,
ID_7413b2,
ID_741bc5,
ID_741be4,
ID_741c69,
ID_742e98,
ID_74366c,
ID_74533c,
ID_745adc,
ID_74734f,
ID_7476e2,
ID_7486e3,
ID_748b8c,
ID_74a668,
ID_74b2b2,
ID_74c7bb,
ID_74cc22,
ID_74cd5e,
ID_74d70c,
ID_74dc9a,
ID_74f8bd,
ID_74fc53,
ID_74fdb6,
ID_751c4a,
ID_751df2,
ID_752d1f,
ID_7545b4,
ID_754ea4,
ID_756fda,
ID_7579f6,
ID_757f1d,
ID_758492,
ID_7588ad,
ID_7593f1,
ID_75997f,
ID_759dab,
ID_75b916,
ID_75b97e,
ID_75c45e,
ID_75c4de,
ID_75c93d,
ID_75ce4d,
ID_75cf70,
ID_75e889,
ID_75ea40,
ID_75ea43,
ID_75edb3,
ID_75ee36,
ID_75ffe6,
ID_7601b9,
ID_760347,
ID_760b27,
ID_7623fb,
ID_762bd8,
ID_762fe0,
ID_7632ac,
ID_763e2a,
ID_763e4d,
ID_764122,
ID_7648cf,
ID_7668bb,
ID_767cd7,
ID_767e90,
ID_769c3f,
ID_769cb3,
ID_76cded,
ID_76cea4,
ID_76cea9,
ID_76d771,
ID_76fdb1,
ID_77051a,
ID_770cd2,
ID_771cde,
ID_773941,
ID_774d08,
ID_776332,
ID_776fdf,
ID_7780a6,
ID_778362,
ID_778ea6,
ID_7790c8,
ID_7797af,
ID_77b6b9,
ID_77db85,
ID_77e17b,
ID_77e3c5,
ID_77ecdc,
ID_77f29e,
ID_77f879,
ID_77f97c,
ID_781841,
ID_781dc2,
ID_7822af,
ID_7840af,
ID_7842c0,
ID_78443b,
ID_78488b,
ID_784ccb,
ID_784f48,
ID_78568a,
ID_785809,
ID_785e06,
ID_78723c,
ID_787a37,
ID_7881b4,
ID_7882e8,
ID_788475,
ID_78857e,
ID_78893e,
ID_788e79,
ID_7896e2,
ID_78aac8,
ID_78afd2,
ID_78b6b4,
ID_78c3b8,
ID_78d1cf,
ID_78d498,
ID_78e310,
ID_78f20c,
ID_78ff01,
ID_792690,
ID_792cab,
ID_793d60,
ID_79464e,
ID_79577c,
ID_7961c8,
ID_7981fa,
ID_7995ac,
ID_799d06,
ID_79a33a,
ID_79a495,
ID_79a5b2,
ID_79a911,
ID_79b572,
ID_79b6b9,
ID_79da71,
ID_79de44,
ID_79e1d4,
ID_79edc7,
ID_79fa22,
ID_79fcb3,
ID_7a02ed,
ID_7a1aa2,
ID_7a1cea,
ID_7a2a07,
ID_7a30ae,
ID_7a329d,
ID_7a366a,
ID_7a3874,
ID_7a3f20,
ID_7a4371,
ID_7a459c,
ID_7a572f,
ID_7a5ae0,
ID_7a5b09,
ID_7a61ed,
ID_7a65a9,
ID_7a6bfe,
ID_7a8274,
ID_7a923f,
ID_7a9c81,
ID_7aae44,
ID_7ab572,
ID_7abd17,
ID_7abf48,
ID_7ac7e9,
ID_7acab3,
ID_7ae1fe,
ID_7ae963,
ID_7af85d,
ID_7b04be,
ID_7b075a,
ID_7b0afc,
ID_7b1962,
ID_7b1eca,
ID_7b35fa,
ID_7b3a54,
ID_7b416a,
ID_7b7492,
ID_7b761d,
ID_7b8733,
ID_7b989b,
ID_7baaf0,
ID_7bafce,
ID_7bba33,
ID_7bbd6e,
ID_7bc1a5,
ID_7bca7c,
ID_7bce86,
ID_7bd402,
ID_7bd828,
ID_7bdf0d,
ID_7bf4ea,
ID_7bfff8,
ID_7c1510,
ID_7c19c3,
ID_7c2de3,
ID_7c35ab,
ID_7c385a,
ID_7c3a5a,
ID_7c42c5,
ID_7c4bd1,
ID_7c8abf,
ID_7c8c76,
ID_7c8da2,
ID_7c9764,
ID_7cad4a,
ID_7cb077,
ID_7cb72e,
ID_7cc538,
ID_7cc84d,
ID_7cd259,
ID_7cdc4f,
ID_7cf055,
ID_7cf2d6,
ID_7cf342,
ID_7cf940,
ID_7d04c3,
ID_7d19be,
ID_7d1be6,
ID_7d21a1,
ID_7d2e97,
ID_7d3447,
ID_7d4480,
ID_7d537f,
ID_7d71c8,
ID_7d71e3,
ID_7d7b47,
ID_7d7d53,
ID_7d7f9d,
ID_7d8301,
ID_7d83d2,
ID_7d9282,
ID_7d94d0,
ID_7d99cc,
ID_7dba98,
ID_7dbbf6,
ID_7dbee3,
ID_7dcdaf,
ID_7dd52a,
ID_7de831,
ID_7df070,
ID_7df391,
ID_7dfc15,
ID_7e050c,
ID_7e0f46,
ID_7e10a8,
ID_7e1e5a,
ID_7e2074,
ID_7e24b3,
ID_7e29cf,
ID_7e2b74,
ID_7e2c16,
ID_7e2d28,
ID_7e358a,
ID_7e3881,
ID_7e3afe,
ID_7e601d,
ID_7e66ca,
ID_7e6c51,
ID_7e6d03,
ID_7e758d,
ID_7e8253,
ID_7e8a57,
ID_7e8db8,
ID_7ea357,
ID_7eac4f,
ID_7ec7ef,
ID_7ed4c1,
ID_7ed97a,
ID_7edadb,
ID_7ee14e,
ID_7ee3a2,
ID_7ee491,
ID_7ee771,
ID_7eef2d,
ID_7ef2f2,
ID_7ef39f,
ID_7ef3be,
ID_7ef907,
ID_7f022c,
ID_7f1437,
ID_7f16fd,
ID_7f1ef3,
ID_7f1f68,
ID_7f21bb,
ID_7f2a32,
ID_7f2b3b,
ID_7f62c4,
ID_7f716a,
ID_7f7582,
ID_7f7926,
ID_7f7c87,
ID_7f9e71,
ID_7fa86c,
ID_7fa9cf,
ID_7fad3b,
ID_7fae5c,
ID_7fb0c2,
ID_7fb31a,
ID_7fbe7c,
ID_7fcfd3,
ID_7ff1eb,
ID_7ffc70,
ID_800c2a,
ID_801134,
ID_80148f,
ID_801b6e,
ID_801c5c,
ID_8031d3,
ID_8035ee,
ID_803a36,
ID_804d57,
ID_804dd8,
ID_804fdf,
ID_805094,
ID_805233,
ID_805b2e,
ID_806d09,
ID_806d38,
ID_80700b,
ID_80726e,
ID_807454,
ID_807ec8,
ID_807f37,
ID_8083eb,
ID_808d99,
ID_80b10b,
ID_80be29,
ID_80bea2,
ID_80c37c,
ID_80cd08,
ID_80d8cf,
ID_80de25,
ID_80e574,
ID_80ebb7,
ID_8100f3,
ID_8102c6,
ID_81046a,
ID_810906,
ID_810ec5,
ID_810f92,
ID_811296,
ID_81154a,
ID_811579,
ID_811f6f,
ID_8129fb,
ID_813083,
ID_814131,
ID_814b8b,
ID_815400,
ID_815a8e,
ID_815b38,
ID_816464,
ID_816b6d,
ID_816c9c,
ID_81819f,
ID_8181c9,
ID_81830d,
ID_818c51,
ID_818cdb,
ID_819296,
ID_819c53,
ID_819def,
ID_819fb2,
ID_81a01b,
ID_81a4ef,
ID_81ab0d,
ID_81bee7,
ID_81c09f,
ID_81cea2,
ID_81dcec,
ID_81de58,
ID_81e3b0,
ID_81ea8c,
ID_81ec31,
ID_81f08b,
ID_81f654,
ID_81fb9c,
ID_81fc8b,
ID_8201a4,
ID_82235d,
ID_822482,
ID_82321d,
ID_8235d3,
ID_823a8e,
ID_823ba5,
ID_823cd4,
ID_823f20,
ID_824a5b,
ID_824b6c,
ID_8250b4,
ID_82605e,
ID_826096,
ID_8261cb,
ID_8261ea,
ID_826428,
ID_8272bc,
ID_8276ca,
ID_827806,
ID_827919,
ID_827b22,
ID_828b87,
ID_82964f,
ID_829f18,
ID_82a2f8,
ID_82b903,
ID_82b963,
ID_82bde0,
ID_82bf0b,
ID_82c290,
ID_82d238,
ID_82dfd4,
ID_82f4ee,
ID_82fda2,
ID_82fe56,
ID_830318,
ID_830c6a,
ID_8310d2,
ID_83186d,
ID_831baf,
ID_83248b,
ID_833d8d,
ID_835a70,
ID_835ec8,
ID_836518,
ID_836a31,
ID_836d0d,
ID_836e06,
ID_837309,
ID_837c66,
ID_8383f3,
ID_8394e8,
ID_83a035,
ID_83af8b,
ID_83b88d,
ID_83c1f9,
ID_83c654,
ID_83da28,
ID_83e624,
ID_83e976,
ID_83ebec,
ID_83f5a6,
ID_83fcb5,
ID_84190c,
ID_841bfa,
ID_84218f,
ID_843f03,
ID_844233,
ID_8454a8,
ID_84563a,
ID_845d8c,
ID_84686c,
ID_848f64,
ID_849662,
ID_84a0b4,
ID_84a0ed,
ID_84b5cf,
ID_84b765,
ID_84ca88,
ID_84d1da,
ID_84d451,
ID_84d7f8,
ID_84dbaa,
ID_84f309,
ID_8508f7,
ID_850dcf,
ID_850fe6,
ID_851650,
ID_853f82,
ID_8545d4,
ID_854e49,
ID_8556a0,
ID_8566d5,
ID_857acf,
ID_858d39,
ID_859ffd,
ID_85abce,
ID_85bb49,
ID_85bc62,
ID_85d09f,
ID_85d588,
ID_85d9fd,
ID_85e479,
ID_85e69e,
ID_85f3d9,
ID_85f7f4,
ID_860182,
ID_861c39,
ID_862a1a,
ID_863224,
ID_8632eb,
ID_864cbe,
ID_8657a9,
ID_866731,
ID_866882,
ID_867de6,
ID_86817b,
ID_868a26,
ID_868f47,
ID_86a2c1,
ID_86a8a7,
ID_86a9c1,
ID_86afe4,
ID_86b2b3,
ID_86cc99,
ID_86dd75,
ID_86e3b8,
ID_86e531,
ID_86e54a,
ID_86f28d,
ID_86f836,
ID_86fc12,
ID_86fed1,
ID_87059f,
ID_870898,
ID_871e91,
ID_8724fa,
ID_872abd,
ID_872d95,
ID_872fcc,
ID_87425a,
ID_8779ea,
ID_878efe,
ID_8790d7,
ID_87a430,
ID_87a4a4,
ID_87adc4,
ID_87aee8,
ID_87b122,
ID_87b4f7,
ID_87b7c3,
ID_87b8fb,
ID_87c6a2,
ID_87c808,
ID_87cf71,
ID_87e3ce,
ID_87e843,
ID_87eb66,
ID_87ed23,
ID_87ef25,
ID_87fd3d,
ID_880407,
ID_881d42,
ID_881e19,
ID_8821d0,
ID_882e3b,
ID_882e6a,
ID_882fcf,
ID_8839d2,
ID_884ea9,
ID_887e39,
ID_88a21e,
ID_88c14b,
ID_88c82e,
ID_88ce3d,
ID_88e0ef,
ID_88e974,
ID_88f401,
ID_88fdf3,
ID_893538,
ID_893ccc,
ID_894a22,
ID_8955fd,
ID_895816,
ID_898263,
ID_898a98,
ID_899055,
ID_89a147,
ID_89a734,
ID_89c32b,
ID_89c9d7,
ID_89d082,
ID_89e2e2,
ID_89e4e3,
ID_89e525,
ID_89e557,
ID_89fe73,
ID_8a0f20,
ID_8a107a,
ID_8a23fd,
ID_8a2f9b,
ID_8a4506,
ID_8a4f1e,
ID_8a5875,
ID_8a6122,
ID_8a71e3,
ID_8a7250,
ID_8a768b,
ID_8a76e0,
ID_8a8494,
ID_8a9c10,
ID_8a9e8f,
ID_8aa894,
ID_8ab495,
ID_8ab573,
ID_8ace2d,
ID_8afdae,
ID_8b074c,
ID_8b12a7,
ID_8b16a3,
ID_8b2a1a,
ID_8b3e8d,
ID_8b451b,
ID_8b5454,
ID_8b70ce,
ID_8b7577,
ID_8b7860,
ID_8b80b0,
ID_8b8ba5,
ID_8b8e36,
ID_8b96f2,
ID_8b9dab,
ID_8b9ed1,
ID_8bb23b,
ID_8bc852,
ID_8bd713,
ID_8be38b,
ID_8be99d,
ID_8bed5a,
ID_8bffea,
ID_8c2352,
ID_8c2af4,
ID_8c2bea,
ID_8c2c31,
ID_8c305f,
ID_8c3823,
ID_8c3b95,
ID_8c3dcd,
ID_8c58d1,
ID_8c59a1,
ID_8c6312,
ID_8c6dc1,
ID_8c7870,
ID_8c7ca8,
ID_8c7d6b,
ID_8ca7ac,
ID_8ca9df,
ID_8cb5f8,
ID_8cd976,
ID_8ce018,
ID_8ce537,
ID_8ce966,
ID_8ceb48,
ID_8ceba2,
ID_8cf629,
ID_8cfebe,
ID_8d077a,
ID_8d129c,
ID_8d1e99,
ID_8d28d4,
ID_8d314a,
ID_8d3e29,
ID_8d4cbd,
ID_8d4e03,
ID_8d56ef,
ID_8d5e6c,
ID_8d6b2f,
ID_8d6f65,
ID_8d6f77,
ID_8da144,
ID_8da4e6,
ID_8daab1,
ID_8db82c,
ID_8dce38,
ID_8dd1c0,
ID_8dd67f,
ID_8dd940,
ID_8ddd22,
ID_8df366,
ID_8df36f,
ID_8e0153,
ID_8e1374,
ID_8e1f46,
ID_8e2255,
ID_8e2d69,
ID_8e2e82,
ID_8e3c22,
ID_8e4111,
ID_8e4850,
ID_8e490b,
ID_8e637c,
ID_8e7800,
ID_8e8197,
ID_8e96be,
ID_8e9c40,
ID_8eb4d5,
ID_8ed09e,
ID_8ed0b2,
ID_8ed9bb,
ID_8edae2,
ID_8ee971,
ID_8eebd3,
ID_8eedff,
ID_8efb7f,
ID_8f0061,
ID_8f0133,
ID_8f0242,
ID_8f09d9,
ID_8f0d5d,
ID_8f136e,
ID_8f2686,
ID_8f2738,
ID_8f3369,
ID_8f41ba,
ID_8f5f01,
ID_8f6690,
ID_8f823a,
ID_8f84f6,
ID_8fc3c7,
ID_8fc7ba,
ID_8fcad0,
ID_8fed1b,
ID_8ff204,
ID_8ff314,
ID_9001dc,
ID_900e5c,
ID_9015ad,
ID_90228b,
ID_9025c9,
ID_902c1d,
ID_902e8c,
ID_903020,
ID_905b09,
ID_9061e6,
ID_906234,
ID_90667f,
ID_906b11,
ID_90709c,
ID_9072e0,
ID_907e7f,
ID_908490,
ID_9086a6,
ID_909b76,
ID_90aa56,
ID_90ba9d,
ID_90c646,
ID_90c8af,
ID_90e0d8,
ID_90f222,
ID_90f4e5,
ID_9112f2,
ID_911669,
ID_911b05,
ID_911d5c,
ID_912b8b,
ID_91363b,
ID_9136b9,
ID_913885,
ID_913f37,
ID_914410,
ID_914aca,
ID_915c2a,
ID_916047,
ID_916322,
ID_916457,
ID_9174fb,
ID_917e16,
ID_9182d6,
ID_918667,
ID_919330,
ID_91948f,
ID_919605,
ID_919ba1,
ID_919cde,
ID_91a819,
ID_91cdb2,
ID_91e575,
ID_91ebee,
ID_91f77c,
ID_91f7a6,
ID_920138,
ID_920552,
ID_920e53,
ID_9214f9,
ID_921c38,
ID_92230d,
ID_922654,
ID_92279f,
ID_922b74,
ID_923508,
ID_923ddc,
ID_923fea,
ID_926505,
ID_927a88,
ID_9288f0,
ID_9296e3,
ID_92a161,
ID_92a5ec,
ID_92ac62,
ID_92b720,
ID_92cadb,
ID_92e436,
ID_92e4bc,
ID_92e6e4,
ID_9328bf,
ID_933c61,
ID_93602c,
ID_936ac1,
ID_936ce5,
ID_9378f2,
ID_937b64,
ID_937f73,
ID_9387a1,
ID_938d1d,
ID_9396af,
ID_93a0fd,
ID_93a4c2,
ID_93ac49,
ID_93af9e,
ID_93cf11,
ID_93d5f8,
ID_93d8a5,
ID_93e70e,
ID_941758,
ID_942482,
ID_9430cb,
ID_9438b0,
ID_944d4d,
ID_945460,
ID_946dcd,
ID_947630,
ID_947958,
ID_9486df,
ID_9488e4,
ID_948a1f,
ID_948b34,
ID_948f4f,
ID_949761,
ID_949c2b,
ID_94aa61,
ID_94adca,
ID_94aed1,
ID_94c5bd,
ID_94e562,
ID_94f132,
ID_94f301,
ID_94f9e7,
ID_950467,
ID_950b46,
ID_952510,
ID_95277f,
ID_952ef3,
ID_9534e1,
ID_953700,
ID_954350,
ID_95501b,
ID_955592,
ID_9563cf,
ID_95663d,
ID_956d80,
ID_95720e,
ID_957665,
ID_957715,
ID_958dac,
ID_9599ca,
ID_95a175,
ID_95d046,
ID_95d510,
ID_95d936,
ID_95ec98,
ID_95f34e,
ID_95f780,
ID_95f91e,
ID_95fadf,
ID_95fce1,
ID_960507,
ID_960cfb,
ID_961c2a,
ID_961cf8,
ID_9635b5,
ID_963eee,
ID_964082,
ID_9660ed,
ID_966f4b,
ID_967306,
ID_967c91,
ID_96812d,
ID_968cce,
ID_9690e4,
ID_969b2b,
ID_96ae50,
ID_96afff,
ID_96b3e2,
ID_96b957,
ID_96c375,
ID_96c64c,
ID_96d1dc,
ID_96dd0c,
ID_96df5b,
ID_96e115,
ID_96e2af,
ID_96e9d3,
ID_96fb42,
ID_96fdd0,
ID_970cb6,
ID_971ccc,
ID_97463f,
ID_974767,
ID_9752f2,
ID_977690,
ID_977d81,
ID_9783fc,
ID_978c7b,
ID_97b15f,
ID_97b408,
ID_97b4e1,
ID_97b521,
ID_9802bd,
ID_981188,
ID_9816c4,
ID_981c5a,
ID_981d2b,
ID_981f4d,
ID_983621,
ID_983d55,
ID_985f21,
ID_98779a,
ID_987aaf,
ID_987e88,
ID_9897c1,
ID_989f37,
ID_98a3f9,
ID_98ab9c,
ID_98af47,
ID_98b29b,
ID_98d1ec,
ID_98fd67,
ID_990c56,
ID_99180a,
ID_991c3a,
ID_99253c,
ID_992e31,
ID_993ac5,
ID_993de7,
ID_994138,
ID_994283,
ID_994c5b,
ID_995105,
ID_99547b,
ID_995794,
ID_995f38,
ID_99608b,
ID_9965b4,
ID_9967e1,
ID_996c90,
ID_997ab2,
ID_998222,
ID_9986a3,
ID_998d09,
ID_99939e,
ID_99950f,
ID_999737,
ID_99a3c9,
ID_99a54c,
ID_99a881,
ID_99a967,
ID_99b14b,
ID_99b42f,
ID_99bb52,
ID_99cb57,
ID_99ccbf,
ID_99e94f,
ID_99fd6f,
ID_9a038e,
ID_9a05d6,
ID_9a08e1,
ID_9a0a4f,
ID_9a0dfe,
ID_9a1b5c,
ID_9a2208,
ID_9a2da3,
ID_9a3877,
ID_9a3d1f,
ID_9a4a37,
ID_9a573b,
ID_9a5a35,
ID_9a5e2e,
ID_9a63bd,
ID_9a6732,
ID_9a7405,
ID_9a8107,
ID_9aa5eb,
ID_9aa641,
ID_9aaa04,
ID_9aacb5,
ID_9ab238,
ID_9ab3ef,
ID_9ab994,
ID_9ab9d9,
ID_9abaae,
ID_9ac55f,
ID_9ac75e,
ID_9ad06b,
ID_9ad598,
ID_9ad5ae,
ID_9ade8f,
ID_9ae4b7,
ID_9ae693,
ID_9af0e1,
ID_9afc30,
ID_9b05a0,
ID_9b0877,
ID_9b1a55,
ID_9b257e,
ID_9b2edb,
ID_9b30b7,
ID_9b346b,
ID_9b3f6d,
ID_9b44a2,
ID_9b4a8b,
ID_9b4d79,
ID_9b4dac,
ID_9b4ef2,
ID_9b6019,
ID_9b7888,
ID_9b7ddf,
ID_9b7e6d,
ID_9b81e0,
ID_9b8783,
ID_9b9eb6,
ID_9ba437,
ID_9bae4e,
ID_9bb2c5,
ID_9bc256,
ID_9bcc5a,
ID_9bd528,
ID_9bde22,
ID_9be0ac,
ID_9be3b0,
ID_9bf2a9,
ID_9c37bd,
ID_9c5639,
ID_9c643f,
ID_9c6b86,
ID_9c719a,
ID_9c7b58,
ID_9c84a9,
ID_9c889a,
ID_9c8997,
ID_9c928f,
ID_9cb258,
ID_9cc174,
ID_9ccd8a,
ID_9cdd54,
ID_9cdea8,
ID_9ce2f8,
ID_9ce6bd,
ID_9ce750,
ID_9cee00,
ID_9cf5be,
ID_9d1207,
ID_9d1990,
ID_9d1c60,
ID_9d2f49,
ID_9d4089,
ID_9d4284,
ID_9d4737,
ID_9d4b96,
ID_9d6656,
ID_9d6979,
ID_9d69b2,
ID_9d6edc,
ID_9d7143,
ID_9d8458,
ID_9d879d,
ID_9d8d76,
ID_9d922b,
ID_9da763,
ID_9dab4b,
ID_9daef9,
ID_9db618,
ID_9dbbc0,
ID_9dbea2,
ID_9dc5fd,
ID_9dd497,
ID_9ddb87,
ID_9df4bd,
ID_9df4cd,
ID_9e1477,
ID_9e19af,
ID_9e220f,
ID_9e272c,
ID_9e2799,
ID_9e61db,
ID_9e64fd,
ID_9e6712,
ID_9e6b49,
ID_9e767c,
ID_9e7b1b,
ID_9e817e,
ID_9e8b5c,
ID_9eb162,
ID_9ebe6a,
ID_9ebece,
ID_9ecc8f,
ID_9ed000,
ID_9ed7bf,
ID_9ed7f7,
ID_9ed89f,
ID_9f1410,
ID_9f1767,
ID_9f20aa,
ID_9f3a5b,
ID_9f5b0e,
ID_9f6917,
ID_9f7f88,
ID_9f8024,
ID_9f80d7,
ID_9f8aaa,
ID_9f96c6,
ID_9fb247,
ID_9fb87f,
ID_9fc318,
ID_9fc602,
ID_9fd184,
ID_9ff19c,
ID_a009fb,
ID_a00dd6,
ID_a025fc,
ID_a035ab,
ID_a04aa2,
ID_a0595b,
ID_a05bdc,
ID_a06ee6,
ID_a0796e,
ID_a07a10,
ID_a08002,
ID_a08621,
ID_a08dde,
ID_a09753,
ID_a09c6d,
ID_a09de8,
ID_a0ae0b,
ID_a0af86,
ID_a0b7ea,
ID_a0ddca,
ID_a0e068,
ID_a0e60c,
ID_a0f072,
ID_a0fe78,
ID_a0fe98,
ID_a102c0,
ID_a10959,
ID_a10c83,
ID_a1261a,
ID_a12e82,
ID_a131b1,
ID_a14344,
ID_a15d4c,
ID_a16492,
ID_a16e61,
ID_a17e2f,
ID_a18318,
ID_a1906f,
ID_a192ec,
ID_a19889,
ID_a1b6ed,
ID_a1bb94,
ID_a1c0a2,
ID_a1d416,
ID_a1d8d6,
ID_a1dc70,
ID_a1e74e,
ID_a1fafb,
ID_a1fdb1,
ID_a20c12,
ID_a214f7,
ID_a22150,
ID_a22862,
ID_a239ca,
ID_a24410,
ID_a244e6,
ID_a24bfe,
ID_a25305,
ID_a260a5,
ID_a2654c,
ID_a269de,
ID_a27189,
ID_a27b65,
ID_a27d9f,
ID_a28d04,
ID_a2989d,
ID_a29b07,
ID_a2b4d4,
ID_a2d97a,
ID_a2dcd9,
ID_a2df19,
ID_a2f4e6,
ID_a2f6d6,
ID_a2f7d6,
ID_a30be1,
ID_a30dd4,
ID_a30ed6,
ID_a31e0c,
ID_a338c2,
ID_a34d9c,
ID_a35743,
ID_a35d94,
ID_a36945,
ID_a36b31,
ID_a371d9,
ID_a378d4,
ID_a37b23,
ID_a382bb,
ID_a38437,
ID_a385f4,
ID_a3ab3e,
ID_a3b79c,
ID_a3bca4,
ID_a3beb6,
ID_a3c14c,
ID_a3c410,
ID_a3d5cb,
ID_a3db37,
ID_a3dc60,
ID_a3f3f3,
ID_a3fa6f,
ID_a3fd6b,
ID_a404ae,
ID_a40c7b,
ID_a40e8d,
ID_a40fde,
ID_a41736,
ID_a41e31,
ID_a42d82,
ID_a43264,
ID_a43aa9,
ID_a43ea3,
ID_a446fd,
ID_a44ab9,
ID_a45770,
ID_a46636,
ID_a468b3,
ID_a4719c,
ID_a477e1,
ID_a47b2a,
ID_a4873d,
ID_a49438,
ID_a49cca,
ID_a4b36b,
ID_a4b617,
ID_a4c23b,
ID_a4c8d3,
ID_a4ea1e,
ID_a4f439,
ID_a4f985,
ID_a4fa2e,
ID_a4fb84,
ID_a5021f,
ID_a50ec2,
ID_a511d3,
ID_a51e01,
ID_a529b8,
ID_a52d64,
ID_a53a9c,
ID_a54e33,
ID_a550b6,
ID_a55dfb,
ID_a55ede,
ID_a56df6,
ID_a5817b,
ID_a58314,
ID_a583f1,
ID_a5903d,
ID_a59c92,
ID_a5a434,
ID_a5a458,
ID_a5aa20,
ID_a5b7cc,
ID_a5bc01,
ID_a5bc7c,
ID_a5c1c6,
ID_a5cba5,
ID_a5cd0b,
ID_a5ce4f,
ID_a5d4d3,
ID_a5dd85,
ID_a5e876,
ID_a5ed07,
ID_a5edff,
ID_a5efcc,
ID_a5f429,
ID_a5f519,
ID_a62888,
ID_a62a77,
ID_a62c6d,
ID_a62d58,
ID_a6386f,
ID_a63f19,
ID_a641c9,
ID_a64256,
ID_a65e48,
ID_a678e6,
ID_a67a88,
ID_a67f36,
ID_a68475,
ID_a685aa,
ID_a686ec,
ID_a69fae,
ID_a6a474,
ID_a6a495,
ID_a6a8dc,
ID_a6b3e5,
ID_a6d57a,
ID_a6e96b,
ID_a6f44c,
ID_a6f670,
ID_a6f718,
ID_a6f788,
ID_a6fc67,
ID_a71e8e,
ID_a7240f,
ID_a724a1,
ID_a72568,
ID_a735fd,
ID_a73a27,
ID_a75f66,
ID_a76dfe,
ID_a77c2b,
ID_a79496,
ID_a7992e,
ID_a799ca,
ID_a79b9d,
ID_a79f7c,
ID_a7a0c8,
ID_a7a1fe,
ID_a7a820,
ID_a7abc2,
ID_a7d0dd,
ID_a7e739,
ID_a7f391,
ID_a7f53d,
ID_a7f690,
ID_a80f2e,
ID_a8196a,
ID_a81b51,
ID_a83805,
ID_a8383d,
ID_a844a9,
ID_a844e2,
ID_a86084,
ID_a8647b,
ID_a87797,
ID_a88a7c,
ID_a89a6c,
ID_a89b75,
ID_a89df7,
ID_a8aeff,
ID_a8b1c2,
ID_a8be40,
ID_a8c443,
ID_a8c6ce,
ID_a8cd1c,
ID_a8f73f,
ID_a8fd2d,
ID_a90c1f,
ID_a91663,
ID_a91c0b,
ID_a91ee6,
ID_a9231c,
ID_a92473,
ID_a92580,
ID_a9278f,
ID_a937d5,
ID_a93ebb,
ID_a95c27,
ID_a96664,
ID_a9779d,
ID_a98170,
ID_a98806,
ID_a988cd,
ID_a99369,
ID_a9b15c,
ID_a9b396,
ID_a9b91c,
ID_a9c138,
ID_a9c215,
ID_a9d938,
ID_a9db9c,
ID_a9ebf1,
ID_a9f65a,
ID_a9f67c,
ID_a9fb1d,
ID_aa0773,
ID_aa0807,
ID_aa170a,
ID_aa2112,
ID_aa29fa,
ID_aa2a70,
ID_aa3016,
ID_aa3288,
ID_aa4acd,
ID_aa5638,
ID_aa5a62,
ID_aa6a85,
ID_aa8a1f,
ID_aa8b1a,
ID_aa9339,
ID_aa94d4,
ID_aaaad4,
ID_aaac95,
ID_aac42d,
ID_aae0a7,
ID_aaeb58,
ID_ab0259,
ID_ab037f,
ID_ab09a7,
ID_ab0c95,
ID_ab15a2,
ID_ab188a,
ID_ab1a31,
ID_ab1dc3,
ID_ab28fd,
ID_ab3594,
ID_ab3a03,
ID_ab4c92,
ID_ab4ff6,
ID_ab53b5,
ID_ab77c2,
ID_ab8881,
ID_aba487,
ID_aba83e,
ID_abb170,
ID_abb4ed,
ID_abb7a5,
ID_abba97,
ID_abbc53,
ID_abbe86,
ID_abc653,
ID_abcefb,
ID_abd86c,
ID_abdb2d,
ID_abdf9e,
ID_abe58e,
ID_abe7b8,
ID_abe935,
ID_abf928,
ID_ac03da,
ID_ac05d3,
ID_ac44d1,
ID_ac45ca,
ID_ac5207,
ID_ac573b,
ID_ac65cc,
ID_ac6cfe,
ID_ac7116,
ID_ac7677,
ID_ac7bac,
ID_ac87e3,
ID_ac8ee3,
ID_aca1c3,
ID_aca86f,
ID_acaecf,
ID_acb175,
ID_acba69,
ID_acbe37,
ID_acbe9c,
ID_acc2e8,
ID_acdbf6,
ID_acdc5b,
ID_acdcb9,
ID_ace30c,
ID_ace78d,
ID_acee54,
ID_acf070,
ID_ad11b5,
ID_ad1a60,
ID_ad3d01,
ID_ad3dd4,
ID_ad4449,
ID_ad45c6,
ID_ad4822,
ID_ad5c5f,
ID_ad5ed8,
ID_ad8616,
ID_ad8b6a,
ID_ada01e,
ID_ada564,
ID_ada674,
ID_adac9f,
ID_adad3b,
ID_adae22,
ID_adae33,
ID_adba37,
ID_adbff3,
ID_adc90f,
ID_add079,
ID_adda7c,
ID_addbb0,
ID_adfa43,
ID_ae06cc,
ID_ae089a,
ID_ae0af9,
ID_ae133c,
ID_ae2444,
ID_ae2744,
ID_ae2c0f,
ID_ae3535,
ID_ae3573,
ID_ae3830,
ID_ae3a7b,
ID_ae3c24,
ID_ae3e19,
ID_ae4304,
ID_ae508a,
ID_ae7fb1,
ID_ae8b32,
ID_ae8e78,
ID_ae9ecb,
ID_aea22f,
ID_aeab92,
ID_aeae1d,
ID_aebf18,
ID_aec567,
ID_aec788,
ID_aed381,
ID_aed568,
ID_aedaf2,
ID_aedfe7,
ID_aee60a,
ID_aeeb69,
ID_aef5e1,
ID_aefe5f,
ID_af089e,
ID_af0b2a,
ID_af0d8c,
ID_af1853,
ID_af1ce5,
ID_af24f9,
ID_af28f2,
ID_af49fd,
ID_af4fdd,
ID_af5011,
ID_af5dcd,
ID_af7431,
ID_af8319,
ID_af8a17,
ID_af8d0f,
ID_af9145,
ID_af9d41,
ID_afa5fa,
ID_afabe6,
ID_afae62,
ID_afaf12,
ID_afbd38,
ID_b00b1c,
ID_b00dde,
ID_b01089,
ID_b01b15,
ID_b021ce,
ID_b0238d,
ID_b04b10,
ID_b05d10,
ID_b08453,
ID_b08672,
ID_b092a9,
ID_b09889,
ID_b0a183,
ID_b0aa14,
ID_b0ad8a,
ID_b0af00,
ID_b0b390,
ID_b0b51b,
ID_b0dc83,
ID_b0e3a4,
ID_b0e48e,
ID_b0e862,
ID_b0f031,
ID_b0f309,
ID_b0f82c,
ID_b0fa1e,
ID_b101dd,
ID_b10c01,
ID_b11648,
ID_b11d44,
ID_b13891,
ID_b13cfe,
ID_b14496,
ID_b14c73,
ID_b15177,
ID_b153d4,
ID_b15cb4,
ID_b15e37,
ID_b1603b,
ID_b164b9,
ID_b16ffb,
ID_b1717c,
ID_b17294,
ID_b18078,
ID_b18335,
ID_b18434,
ID_b1963f,
ID_b19bb0,
ID_b1abdc,
ID_b1b2ff,
ID_b1b475,
ID_b1b749,
ID_b1b9e7,
ID_b1cc88,
ID_b1d9c5,
ID_b1e39d,
ID_b1e930,
ID_b20476,
ID_b205f7,
ID_b20df0,
ID_b23989,
ID_b239e0,
ID_b24aeb,
ID_b2599e,
ID_b2617d,
ID_b263d6,
ID_b26c5b,
ID_b28713,
ID_b2921b,
ID_b2a1a4,
ID_b2a7b6,
ID_b2a8d6,
ID_b2a8e7,
ID_b2bd8f,
ID_b2c6dc,
ID_b2d9b6,
ID_b2de41,
ID_b2e623,
ID_b2ebab,
ID_b303ed,
ID_b3084c,
ID_b30b7b,
ID_b31405,
ID_b316df,
ID_b326e5,
ID_b32714,
ID_b3586e,
ID_b35ac3,
ID_b3630c,
ID_b369ba,
ID_b373d6,
ID_b37555,
ID_b37c1e,
ID_b38808,
ID_b38b44,
ID_b391b9,
ID_b394d7,
ID_b39f25,
ID_b3b37c,
ID_b3b38c,
ID_b3b55c,
ID_b3b8f3,
ID_b3ce8a,
ID_b3d427,
ID_b3d866,
ID_b3db00,
ID_b3e05b,
ID_b3e103,
ID_b3f0f2,
ID_b3faa7,
ID_b406b2,
ID_b416a9,
ID_b433ea,
ID_b4437e,
ID_b4518e,
ID_b451cd,
ID_b4569b,
ID_b467fa,
ID_b46b3e,
ID_b48226,
ID_b483af,
ID_b484e0,
ID_b48b0f,
ID_b48b3c,
ID_b49ff0,
ID_b4a77d,
ID_b4a7d8,
ID_b4ba37,
ID_b4dc39,
ID_b4ded9,
ID_b4e020,
ID_b5045e,
ID_b50633,
ID_b509e9,
ID_b53e69,
ID_b53e7e,
ID_b545e7,
ID_b56992,
ID_b5708c,
ID_b572eb,
ID_b5763c,
ID_b57794,
ID_b57c24,
ID_b59d72,
ID_b5a418,
ID_b5b13d,
ID_b5b402,
ID_b5b721,
ID_b5b867,
ID_b5c129,
ID_b5c2cb,
ID_b5ccd5,
ID_b5e9fa,
ID_b5eb72,
ID_b5ec68,
ID_b5ef11,
ID_b5f333,
ID_b5f9bb,
ID_b60b70,
ID_b60d34,
ID_b61121,
ID_b615fc,
ID_b6213b,
ID_b62c96,
ID_b63fef,
ID_b65a70,
ID_b6695a,
ID_b669c8,
ID_b66b73,
ID_b67cdc,
ID_b67f50,
ID_b68117,
ID_b6848e,
ID_b69447,
ID_b6b441,
ID_b6b794,
ID_b6c2c0,
ID_b6ccd9,
ID_b6cf2c,
ID_b6d18a,
ID_b6d4bf,
ID_b6e66a,
ID_b6eafb,
ID_b6f020,
ID_b6fb2a,
ID_b6fb77,
ID_b6fe8d,
ID_b70330,
ID_b704b1,
ID_b709ce,
ID_b716e2,
ID_b719c3,
ID_b7347f,
ID_b73dfe,
ID_b73ecd,
ID_b73fe1,
ID_b740c8,
ID_b760e7,
ID_b7669c,
ID_b76dcc,
ID_b76fb4,
ID_b7726e,
ID_b77d8c,
ID_b789b2,
ID_b7953d,
ID_b79d79,
ID_b79f15,
ID_b7d0eb,
ID_b7d2d7,
ID_b7d301,
ID_b7d924,
ID_b807ec,
ID_b80db2,
ID_b81027,
ID_b813c4,
ID_b81b1f,
ID_b81e9d,
ID_b821d0,
ID_b82628,
ID_b82996,
ID_b83756,
ID_b8430a,
ID_b8432c,
ID_b85896,
ID_b85c0a,
ID_b85eb7,
ID_b86118,
ID_b8863e,
ID_b8ae84,
ID_b8c365,
ID_b8c88d,
ID_b8ca75,
ID_b8f010,
ID_b8f969,
ID_b8f9a1,
ID_b8fdc1,
ID_b91191,
ID_b9413b,
ID_b9536d,
ID_b95cad,
ID_b965ce,
ID_b96cab,
ID_b98259,
ID_b987ad,
ID_b9892f,
ID_b98a92,
ID_b993eb,
ID_b999df,
ID_b9a082,
ID_b9a5ba,
ID_b9b60b,
ID_b9d6e5,
ID_b9ee5f,
ID_ba0b14,
ID_ba0b64,
ID_ba0c07,
ID_ba0cb1,
ID_ba2621,
ID_ba2f96,
ID_ba3807,
ID_ba3845,
ID_ba3908,
ID_ba3e27,
ID_ba437e,
ID_ba458d,
ID_ba57b5,
ID_ba6a76,
ID_ba7835,
ID_ba822e,
ID_ba8916,
ID_ba8fe4,
ID_ba9cbf,
ID_baaf50,
ID_bab17d,
ID_bab196,
ID_bab219,
ID_bab385,
ID_bab397,
ID_babf28,
ID_bade5a,
ID_badece,
ID_badfc8,
ID_bae583,
ID_baecb0,
ID_baed18,
ID_baed1a,
ID_baf611,
ID_bb0acb,
ID_bb0f04,
ID_bb3f75,
ID_bb4857,
ID_bb58b9,
ID_bb5fb9,
ID_bb804b,
ID_bb85dd,
ID_bb8ae9,
ID_bb9946,
ID_bb9b28,
ID_bbaef8,
ID_bbb818,
ID_bbcac6,
ID_bbcf05,
ID_bbeb24,
ID_bbfbf4,
ID_bbfd31,
ID_bc0207,
ID_bc05b7,
ID_bc05fc,
ID_bc2046,
ID_bc24cd,
ID_bc2b8d,
ID_bc2db6,
ID_bc2e98,
ID_bc3290,
ID_bc39c3,
ID_bc3fa9,
ID_bc4814,
ID_bc4b3e,
ID_bc4c1c,
ID_bc4c20,
ID_bc5b49,
ID_bc5d71,
ID_bc7273,
ID_bc835d,
ID_bca1f1,
ID_bcafb9,
ID_bcbea7,
ID_bcc0ce,
ID_bcc54b,
ID_bcc9c7,
ID_bcce95,
ID_bce4f0,
ID_bcee7a,
ID_bcf076,
ID_bcf5d6,
ID_bcf8b6,
ID_bd01bb,
ID_bd034c,
ID_bd0d04,
ID_bd12ec,
ID_bd1afd,
ID_bd1d54,
ID_bd2f73,
ID_bd4cc1,
ID_bd5d1b,
ID_bd77de,
ID_bd7ebe,
ID_bd86e6,
ID_bd8e6d,
ID_bd9188,
ID_bda12d,
ID_bda90e,
ID_bdc15a,
ID_bdcbd6,
ID_bdd3eb,
ID_bde07a,
ID_bde3f4,
ID_bdeb0a,
ID_bded9f,
ID_be03e2,
ID_be0a09,
ID_be0f82,
ID_be1109,
ID_be1abc,
ID_be2651,
ID_be2a78,
ID_be31e7,
ID_be4072,
ID_be441e,
ID_be456a,
ID_be475e,
ID_be48fd,
ID_be510b,
ID_be58e6,
ID_be5af6,
ID_be5f17,
ID_be6393,
ID_be7090,
ID_be978e,
ID_beaada,
ID_beaf41,
ID_beafa5,
ID_bee272,
ID_bee323,
ID_beee13,
ID_beef36,
ID_befd5c,
ID_bf0237,
ID_bf0f66,
ID_bf1100,
ID_bf13ca,
ID_bf2b77,
ID_bf38d3,
ID_bf4094,
ID_bf4103,
ID_bf4400,
ID_bf4dcd,
ID_bf811a,
ID_bf8909,
ID_bf8939,
ID_bfb298,
ID_bfb78c,
ID_bfc70e,
ID_bfe080,
ID_c002e1,
ID_c00770,
ID_c01223,
ID_c01387,
ID_c01c8d,
ID_c04b30,
ID_c06240,
ID_c06b8a,
ID_c06f4b,
ID_c078cf,
ID_c07d7d,
ID_c07ee2,
ID_c08002,
ID_c0a07f,
ID_c0a7d9,
ID_c0ab80,
ID_c0ad48,
ID_c0b106,
ID_c0be2b,
ID_c0ce86,
ID_c0d158,
ID_c0d630,
ID_c0e607,
ID_c0ea99,
ID_c0ec58,
ID_c0ecf7,
ID_c0f9e4,
ID_c0fe23,
ID_c0fe6c,
ID_c100c3,
ID_c103dd,
ID_c10a7d,
ID_c12198,
ID_c121bc,
ID_c12369,
ID_c12923,
ID_c13af9,
ID_c13c2f,
ID_c1416b,
ID_c142be,
ID_c1487b,
ID_c1498c,
ID_c14cda,
ID_c157b9,
ID_c15962,
ID_c15f75,
ID_c16242,
ID_c1767b,
ID_c180d4,
ID_c18a34,
ID_c19632,
ID_c1a04e,
ID_c1a518,
ID_c1afee,
ID_c1b0a4,
ID_c1c05b,
ID_c1c4b2,
ID_c1c620,
ID_c1ec9b,
ID_c1ed53,
ID_c1edba,
ID_c1eff8,
ID_c1f733,
ID_c1f966,
ID_c20c80,
ID_c22f3e,
ID_c22f5f,
ID_c238e7,
ID_c245ab,
ID_c26987,
ID_c26ce3,
ID_c273e3,
ID_c28561,
ID_c287e9,
ID_c290e0,
ID_c291e4,
ID_c29666,
ID_c29e70,
ID_c29f94,
ID_c2b3ce,
ID_c2b7a0,
ID_c2c037,
ID_c2c4e4,
ID_c2cced,
ID_c2de54,
ID_c2e3c2,
ID_c2e713,
ID_c30518,
ID_c308d5,
ID_c31198,
ID_c3204d,
ID_c32169,
ID_c32436,
ID_c327da,
ID_c33d0b,
ID_c340ae,
ID_c34328,
ID_c34a23,
ID_c36790,
ID_c36b36,
ID_c36ecf,
ID_c38b83,
ID_c393c5,
ID_c393e8,
ID_c3a7b2,
ID_c3a9df,
ID_c3b0e3,
ID_c3be59,
ID_c3c4ff,
ID_c3cf81,
ID_c3cfca,
ID_c3dbc7,
ID_c3e1ab,
ID_c3e8ab,
ID_c3f5cd,
ID_c3fade,
ID_c403e3,
ID_c41148,
ID_c422fe,
ID_c42bd7,
ID_c43187,
ID_c441ed,
ID_c444eb,
ID_c44ae6,
ID_c46637,
ID_c46b44,
ID_c47e29,
ID_c47ec9,
ID_c488de,
ID_c491c8,
ID_c49995,
ID_c4a5a2,
ID_c4b04d,
ID_c4bc03,
ID_c4e2b3,
ID_c4eb42,
ID_c4f748,
ID_c4fbd5,
ID_c4fbd5,
ID_c5089b,
ID_c50b5b,
ID_c51692,
ID_c52b4c,
ID_c53259,
ID_c53441,
ID_c53bc2,
ID_c53ccc,
ID_c5485c,
ID_c552ed,
ID_c55f58,
ID_c5666a,
ID_c56de5,
ID_c57a4e,
ID_c58304,
ID_c58654,
ID_c58679,
ID_c592bc,
ID_c59f0a,
ID_c59f91,
ID_c5a274,
ID_c5a7d1,
ID_c5b160,
ID_c5b537,
ID_c5bd14,
ID_c5d0d5,
ID_c5d422,
ID_c5e3cc,
ID_c5f8c9,
ID_c5f8f5,
ID_c61884,
ID_c62262,
ID_c63f83,
ID_c64eed,
ID_c65919,
ID_c65a59,
ID_c667a5,
ID_c67410,
ID_c67ca8,
ID_c68e46,
ID_c6911a,
ID_c6ba30,
ID_c6be03,
ID_c6c017,
ID_c6c949,
ID_c6f227,
ID_c6f356,
ID_c70269,
ID_c70415,
ID_c7044d,
ID_c70917,
ID_c70db0,
ID_c71308,
ID_c713ae,
ID_c71d66,
ID_c72079,
ID_c7218f,
ID_c72fc1,
ID_c7319f,
ID_c732ef,
ID_c73c9d,
ID_c74073,
ID_c74828,
ID_c7610e,
ID_c76149,
ID_c76447,
ID_c7717b,
ID_c77660,
ID_c77c22,
ID_c781d5,
ID_c79dab,
ID_c7a5bc,
ID_c7ad23,
ID_c7adfc,
ID_c7bb98,
ID_c7c90a,
ID_c7d5fc,
ID_c7e420,
ID_c7e573,
ID_c7fe19,
ID_c806ef,
ID_c80b80,
ID_c81135,
ID_c81565,
ID_c816a1,
ID_c82426,
ID_c83072,
ID_c83945,
ID_c84c22,
ID_c88818,
ID_c89be5,
ID_c89cd5,
ID_c89fac,
ID_c8c16a,
ID_c8c29a,
ID_c8cd12,
ID_c8ce3f,
ID_c8d58a,
ID_c8d5e3,
ID_c8df0b,
ID_c8f03c,
ID_c90b07,
ID_c90b16,
ID_c930ea,
ID_c93b5b,
ID_c94195,
ID_c94232,
ID_c947e3,
ID_c94889,
ID_c94b55,
ID_c94edf,
ID_c95872,
ID_c961d6,
ID_c966d5,
ID_c96881,
ID_c96bc8,
ID_c96cb3,
ID_c977ea,
ID_c98adb,
ID_c98bb7,
ID_c99f0e,
ID_c9a141,
ID_c9c6a8,
ID_c9cace,
ID_c9db35,
ID_c9e818,
ID_c9f1c6,
ID_c9fdea,
ID_ca1b9a,
ID_ca1bea,
ID_ca2438,
ID_ca2911,
ID_ca2c0d,
ID_ca3038,
ID_ca32f7,
ID_ca342c,
ID_ca5089,
ID_ca6d03,
ID_ca8fd2,
ID_ca931a,
ID_ca9709,
ID_caa2e5,
ID_cac7ab,
ID_cad292,
ID_cad539,
ID_cae8c9,
ID_caec22,
ID_caefbf,
ID_cafb74,
ID_cb151c,
ID_cb1781,
ID_cb1c3c,
ID_cb1f18,
ID_cb2122,
ID_cb29a8,
ID_cb3d2c,
ID_cb4314,
ID_cb48df,
ID_cb4c19,
ID_cb5f4a,
ID_cb6664,
ID_cb7282,
ID_cb82de,
ID_cb98c9,
ID_cb9d71,
ID_cbb3de,
ID_cbbc53,
ID_cbcec7,
ID_cbd48d,
ID_cbd832,
ID_cbdeb8,
ID_cbe23e,
ID_cbe265,
ID_cbecb7,
ID_cbf1cd,
ID_cbf3da,
ID_cbf71e,
ID_cbfb47,
ID_cc1fa8,
ID_cc3ef1,
ID_cc401e,
ID_cc5236,
ID_cc5a47,
ID_cc5ece,
ID_cc6221,
ID_cc6f44,
ID_cc7953,
ID_cc8460,
ID_cc8c41,
ID_cc944a,
ID_cc947b,
ID_cc98a3,
ID_cc9caa,
ID_cca4f4,
ID_ccbf9e,
ID_ccc96e,
ID_cccdc5,
ID_ccd2ee,
ID_ccd6f1,
ID_cce206,
ID_ccec87,
ID_ccf357,
ID_ccf4f7,
ID_ccf60e,
ID_cd00d9,
ID_cd0b47,
ID_cd1286,
ID_cd175e,
ID_cd26b9,
ID_cd36be,
ID_cd45ca,
ID_cd5651,
ID_cd5b38,
ID_cd628c,
ID_cd68ad,
ID_cd8147,
ID_cd82c5,
ID_cd84f6,
ID_cd8a01,
ID_cd90b8,
ID_cdb525,
ID_cdb947,
ID_cdbdee,
ID_cdc189,
ID_cdc453,
ID_cdca2c,
ID_cde516,
ID_cdf092,
ID_cdf6e5,
ID_ce067c,
ID_ce0a5f,
ID_ce0b66,
ID_ce1020,
ID_ce1c63,
ID_ce1fc5,
ID_ce2620,
ID_ce37c4,
ID_ce4977,
ID_ce4b7b,
ID_ce5d98,
ID_ce6c39,
ID_ce6db7,
ID_ce6e2d,
ID_ce6e73,
ID_ce70f4,
ID_ce72e3,
ID_ce7ae7,
ID_ce7e23,
ID_ce7f08,
ID_ce803f,
ID_ce9000,
ID_ce927b,
ID_ce9375,
ID_ce94ca,
ID_ce995f,
ID_ce9a84,
ID_ce9c95,
ID_ce9dab,
ID_cea220,
ID_cea855,
ID_ceb302,
ID_cebbeb,
ID_cec755,
ID_cecb30,
ID_cecb73,
ID_ceeb75,
ID_cef52a,
ID_cf0652,
ID_cf1290,
ID_cf2dcb,
ID_cf326f,
ID_cf4446,
ID_cf45e9,
ID_cf514b,
ID_cf551a,
ID_cf56d4,
ID_cf5862,
ID_cf5afa,
ID_cf7315,
ID_cf7d06,
ID_cf7dde,
ID_cf86b0,
ID_cf89c2,
ID_cf8c82,
ID_cf90e6,
ID_cf9b3a,
ID_cfa6e1,
ID_cfab2f,
ID_cfb154,
ID_cfc332,
ID_cfc97f,
ID_cfdd9b,
ID_cfeaca,
ID_cff06e,
ID_cff3fe,
ID_cffaa2,
ID_d00988,
ID_d00e27,
ID_d01348,
ID_d01527,
ID_d02956,
ID_d0320f,
ID_d03b3f,
ID_d04370,
ID_d0446a,
ID_d045f8,
ID_d047be,
ID_d04f6b,
ID_d0573f,
ID_d05e9b,
ID_d0694d,
ID_d0745e,
ID_d076c8,
ID_d0955c,
ID_d09639,
ID_d0a01c,
ID_d0b3f3,
ID_d0b6ee,
ID_d0b7cf,
ID_d0ca49,
ID_d0dfcf,
ID_d0e9e2,
ID_d0f015,
ID_d0f088,
ID_d0f189,
ID_d0f29d,
ID_d0f77b,
ID_d100b0,
ID_d10403,
ID_d10e40,
ID_d12ca8,
ID_d14714,
ID_d14f6b,
ID_d15332,
ID_d15d62,
ID_d16f24,
ID_d177a9,
ID_d181a0,
ID_d18286,
ID_d18425,
ID_d18d24,
ID_d1961e,
ID_d19a0e,
ID_d19ae2,
ID_d1ae2e,
ID_d1b910,
ID_d1bda8,
ID_d1c6fa,
ID_d1c851,
ID_d1d754,
ID_d1e7ff,
ID_d1ecfc,
ID_d20228,
ID_d20230,
ID_d20b6a,
ID_d213d4,
ID_d22053,
ID_d23616,
ID_d239ba,
ID_d24b7f,
ID_d268c1,
ID_d281ca,
ID_d29826,
ID_d2b374,
ID_d2b793,
ID_d2bc33,
ID_d2c1e7,
ID_d2c6bb,
ID_d2d6c6,
ID_d2d762,
ID_d2d791,
ID_d2d866,
ID_d2eaa6,
ID_d2edcc,
ID_d2ee78,
ID_d2f6d9,
ID_d2f83c,
ID_d30cee,
ID_d30e10,
ID_d30ef1,
ID_d315f8,
ID_d31717,
ID_d33ac7,
ID_d3669a,
ID_d36e1a,
ID_d37192,
ID_d37ae5,
ID_d37ff8,
ID_d380a0,
ID_d38497,
ID_d384b6,
ID_d38617,
ID_d38975,
ID_d39508,
ID_d3984f,
ID_d39f06,
ID_d3a738,
ID_d3b24b,
ID_d3c04e,
ID_d3c107,
ID_d3c5c3,
ID_d3c6b0,
ID_d3d579,
ID_d3dbfb,
ID_d3ed32,
ID_d3edc8,
ID_d3ef74,
ID_d3f45e,
ID_d3f762,
ID_d40140,
ID_d40210,
ID_d4076f,
ID_d42102,
ID_d43c1d,
ID_d43fae,
ID_d44593,
ID_d445ce,
ID_d44d99,
ID_d4692f,
ID_d4772c,
ID_d47ea5,
ID_d47fc5,
ID_d48faf,
ID_d4940a,
ID_d4977e,
ID_d49b37,
ID_d4b431,
ID_d4b6bc,
ID_d4d514,
ID_d4e1e9,
ID_d4e266,
ID_d4ec51,
ID_d4edb0,
ID_d4f1d4,
ID_d4f549,
ID_d4f6e5,
ID_d518b5,
ID_d53084,
ID_d5377e,
ID_d5389b,
ID_d54ab0,
ID_d55ccd,
ID_d56487,
ID_d564a8,
ID_d56eae,
ID_d57621,
ID_d57b91,
ID_d5a076,
ID_d5a1c9,
ID_d5acae,
ID_d5b382,
ID_d5c839,
ID_d5cb9a,
ID_d5d442,
ID_d5e1a2,
ID_d5e5f9,
ID_d5e658,
ID_d5eeb1,
ID_d5f188,
ID_d5f78f,
ID_d5f962,
ID_d61257,
ID_d613d8,
ID_d622da,
ID_d6279b,
ID_d63e3a,
ID_d65a0c,
ID_d65d85,
ID_d66e47,
ID_d67af2,
ID_d68256,
ID_d687cc,
ID_d6f592,
ID_d6f881,
ID_d6fca1,
ID_d70fce,
ID_d723a1,
ID_d724ce,
ID_d728c4,
ID_d72cdf,
ID_d73228,
ID_d7359d,
ID_d74b50,
ID_d751a5,
ID_d75bf1,
ID_d76585,
ID_d76f95,
ID_d773ab,
ID_d781bf,
ID_d78333,
ID_d78b10,
ID_d7bb95,
ID_d7bcbb,
ID_d7cf61,
ID_d7d982,
ID_d7f15e,
ID_d7f17c,
ID_d80c0b,
ID_d8111c,
ID_d81a65,
ID_d8231d,
ID_d831b0,
ID_d850a0,
ID_d8511f,
ID_d85178,
ID_d85edc,
ID_d8603e,
ID_d8652a,
ID_d8668b,
ID_d86bdb,
ID_d873f5,
ID_d877ad,
ID_d8858a,
ID_d88f29,
ID_d8909b,
ID_d8b673,
ID_d8bd68,
ID_d8be21,
ID_d8d228,
ID_d8edc6,
ID_d8edcf,
ID_d8f22d,
ID_d9009a,
ID_d910dc,
ID_d91a97,
ID_d91e8f,
ID_d929e3,
ID_d92a72,
ID_d9301d,
ID_d9354e,
ID_d94ec9,
ID_d95a4f,
ID_d95c36,
ID_d970f4,
ID_d97964,
ID_d98a3c,
ID_d9a7eb,
ID_d9a8b3,
ID_d9ac66,
ID_d9b3d6,
ID_d9bf45,
ID_d9db3b,
ID_d9f2f5,
ID_da00a3,
ID_da02d1,
ID_da2115,
ID_da2bcb,
ID_da326a,
ID_da3b64,
ID_da3bfe,
ID_da3cb5,
ID_da5483,
ID_da5cbd,
ID_da6541,
ID_da756d,
ID_da75b8,
ID_da908b,
ID_da91de,
ID_daaa27,
ID_daadcc,
ID_dace81,
ID_dad9a5,
ID_dad9a7,
ID_dae1cb,
ID_dae8eb,
ID_daef59,
ID_dafa31,
ID_db0d88,
ID_db1a73,
ID_db1db6,
ID_db2c8c,
ID_db2faa,
ID_db3e38,
ID_db4b09,
ID_db587a,
ID_db6625,
ID_db6654,
ID_db6b67,
ID_db7134,
ID_db724b,
ID_db7822,
ID_db91a7,
ID_dbad04,
ID_dbbb1a,
ID_dbbbc6,
ID_dbbc7f,
ID_dbd289,
ID_dbf35f,
ID_dbf92e,
ID_dbfb90,
ID_dbfd75,
ID_dc0a6c,
ID_dc0bed,
ID_dc19af,
ID_dc2040,
ID_dc25b2,
ID_dc2ea1,
ID_dc40e8,
ID_dc4442,
ID_dc4b86,
ID_dc5637,
ID_dc631e,
ID_dc649c,
ID_dc679f,
ID_dc6c6d,
ID_dc6e5b,
ID_dc74e3,
ID_dc7501,
ID_dc8523,
ID_dc8728,
ID_dc88bd,
ID_dc8db3,
ID_dc9599,
ID_dc9a9d,
ID_dc9cbf,
ID_dca266,
ID_dca7da,
ID_dcabc1,
ID_dcae54,
ID_dcc93b,
ID_dccbde,
ID_dccd00,
ID_dcd606,
ID_dce050,
ID_dcfad1,
ID_dd050f,
ID_dd0ab6,
ID_dd12a9,
ID_dd27e3,
ID_dd2814,
ID_dd2ea4,
ID_dd2fde,
ID_dd335f,
ID_dd3cd4,
ID_dd49a8,
ID_dd4bb8,
ID_dd5070,
ID_dd57b5,
ID_dd5e54,
ID_dd6792,
ID_dd6894,
ID_dd8b6b,
ID_dd8cee,
ID_dd98eb,
ID_dda82e,
ID_ddc43b,
ID_ddccc1,
ID_ddd719,
ID_ddd7dd,
ID_ddd8af,
ID_ddd9d0,
ID_dde457,
ID_ddede5,
ID_ddfd57,
ID_ddfe46,
ID_de0141,
ID_de0720,
ID_de075f,
ID_de1b1c,
ID_de3bfc,
ID_de5ff8,
ID_de66e5,
ID_de6ffd,
ID_de719d,
ID_de7971,
ID_de7ca4,
ID_de7f17,
ID_de847d,
ID_de9b26,
ID_deae63,
ID_dec233,
ID_decb3d,
ID_decd6a,
ID_dece79,
ID_ded5a6,
ID_def52f,
ID_def5f3,
ID_df3192,
ID_df3965,
ID_df3b13,
ID_df4e60,
ID_df5046,
ID_df5e23,
ID_df7cfd,
ID_df815f,
ID_df9b59,
ID_dfc26a,
ID_dfc5dd,
ID_dfc752,
ID_dfdcd4,
ID_dfdf09,
ID_dfe1fd,
ID_dfe77b,
ID_dff18c,
ID_e00657,
ID_e00a5b,
ID_e01ae8,
ID_e01faa,
ID_e02a7b,
ID_e02f41,
ID_e02f64,
ID_e03b2f,
ID_e03d11,
ID_e04077,
ID_e04808,
ID_e04a3a,
ID_e055d2,
ID_e05613,
ID_e05cfc,
ID_e06c9d,
ID_e07eaa,
ID_e081a5,
ID_e082d3,
ID_e08616,
ID_e08fb3,
ID_e09150,
ID_e092c1,
ID_e092e3,
ID_e0a287,
ID_e0a3a0,
ID_e0a5ad,
ID_e0a6c4,
ID_e0ba42,
ID_e0baa6,
ID_e0e266,
ID_e0e3aa,
ID_e0ef5c,
ID_e0f974,
ID_e10516,
ID_e11576,
ID_e11e24,
ID_e1309a,
ID_e135da,
ID_e13cbf,
ID_e144bb,
ID_e15475,
ID_e154cc,
ID_e1691b,
ID_e17f17,
ID_e17f1a,
ID_e19121,
ID_e197f1,
ID_e1a4cf,
ID_e1a7a2,
ID_e1b114,
ID_e1ba92,
ID_e1c620,
ID_e1cce7,
ID_e1d397,
ID_e1e0e9,
ID_e1f2fa,
ID_e20215,
ID_e24724,
ID_e24cea,
ID_e24e79,
ID_e255cf,
ID_e25a50,
ID_e263d9,
ID_e2672f,
ID_e26c89,
ID_e27297,
ID_e27df8,
ID_e289c3,
ID_e2a1dc,
ID_e2b142,
ID_e2c083,
ID_e2c194,
ID_e2cc0e,
ID_e2dfcd,
ID_e2f813,
ID_e310ef,
ID_e3151c,
ID_e31ef6,
ID_e33bb8,
ID_e34199,
ID_e342fa,
ID_e34498,
ID_e3476c,
ID_e3549d,
ID_e373f3,
ID_e37be2,
ID_e37c17,
ID_e38388,
ID_e38571,
ID_e38f21,
ID_e38ff8,
ID_e395d6,
ID_e398d7,
ID_e39f04,
ID_e3a47b,
ID_e3bcf2,
ID_e3c6db,
ID_e3c77c,
ID_e3c8eb,
ID_e3d571,
ID_e3d7b8,
ID_e3e96c,
ID_e3fd31,
ID_e3fe89,
ID_e4108e,
ID_e41cd1,
ID_e42fbd,
ID_e42fcf,
ID_e4316e,
ID_e43ccf,
ID_e440ed,
ID_e4579d,
ID_e459b6,
ID_e45a59,
ID_e45aa1,
ID_e45ddd,
ID_e45f52,
ID_e45ff7,
ID_e47225,
ID_e474d1,
ID_e477b9,
ID_e47c78,
ID_e48531,
ID_e48608,
ID_e499a0,
ID_e49baa,
ID_e4a362,
ID_e4acc9,
ID_e4ae87,
ID_e4bbe9,
ID_e4c58d,
ID_e4c68d,
ID_e4cbb9,
ID_e4cc61,
ID_e4cffb,
ID_e4d0a8,
ID_e4d56e,
ID_e4e8a0,
ID_e4f590,
ID_e4f6de,
ID_e4f864,
ID_e50273,
ID_e50e11,
ID_e51cbd,
ID_e528f2,
ID_e53bd2,
ID_e543b2,
ID_e54449,
ID_e56315,
ID_e57642,
ID_e57a0f,
ID_e589e4,
ID_e59653,
ID_e59c35,
ID_e5a80b,
ID_e5ba92,
ID_e5d0e1,
ID_e5da5d,
ID_e5dcb6,
ID_e5ea9b,
ID_e5f14b,
ID_e60117,
ID_e601aa,
ID_e60792,
ID_e608b9,
ID_e61127,
ID_e61194,
ID_e618f0,
ID_e61e62,
ID_e626ad,
ID_e628c4,
ID_e638a1,
ID_e646e1,
ID_e64c34,
ID_e65c1a,
ID_e66a80,
ID_e670f6,
ID_e67d2f,
ID_e685f6,
ID_e687a1,
ID_e68c73,
ID_e68e29,
ID_e696b1,
ID_e6b524,
ID_e6c050,
ID_e6d879,
ID_e6dca4,
ID_e6deed,
ID_e6e1ca,
ID_e6f43c,
ID_e6fb3c,
ID_e70b90,
ID_e70d15,
ID_e71515,
ID_e71fb8,
ID_e74407,
ID_e7478b,
ID_e75e94,
ID_e760b5,
ID_e7630f,
ID_e76f52,
ID_e77a6e,
ID_e77a95,
ID_e78ed8,
ID_e7913a,
ID_e7a39a,
ID_e7a885,
ID_e7a91e,
ID_e7af44,
ID_e7b0c0,
ID_e7b65f,
ID_e7c43e,
ID_e7c6df,
ID_e7d3f6,
ID_e7d8d0,
ID_e7da30,
ID_e7dbe6,
ID_e7e19b,
ID_e7f014,
ID_e7f761,
ID_e7f8a9,
ID_e803fc,
ID_e82fe7,
ID_e83d40,
ID_e85e83,
ID_e861f2,
ID_e86378,
ID_e8658f,
ID_e86a84,
ID_e87851,
ID_e887b0,
ID_e89a55,
ID_e89c06,
ID_e89c83,
ID_e8c0aa,
ID_e8d471,
ID_e8df0c,
ID_e8e449,
ID_e8ec00,
ID_e9063c,
ID_e912d7,
ID_e91a5a,
ID_e94051,
ID_e94318,
ID_e94687,
ID_e94731,
ID_e95118,
ID_e9512f,
ID_e95395,
ID_e95426,
ID_e95888,
ID_e95dbf,
ID_e96530,
ID_e96db3,
ID_e97204,
ID_e9731f,
ID_e974cc,
ID_e9822b,
ID_e984f0,
ID_e988a7,
ID_e98feb,
ID_e9907e,
ID_e994ef,
ID_e99586,
ID_e99a5a,
ID_e9a14b,
ID_e9aeb6,
ID_e9b2ea,
ID_e9b3d7,
ID_e9e10c,
ID_e9e487,
ID_e9f442,
ID_ea0f7b,
ID_ea121f,
ID_ea14ff,
ID_ea2ec3,
ID_ea3bb0,
ID_ea4031,
ID_ea4827,
ID_ea5039,
ID_ea5d9d,
ID_ea5dd0,
ID_ea623c,
ID_ea62dc,
ID_ea696a,
ID_ea6ee5,
ID_ea7316,
ID_ea7fc2,
ID_ea8106,
ID_ea8a78,
ID_ea934c,
ID_ea967a,
ID_ea9865,
ID_eaa3f9,
ID_eab337,
ID_eab500,
ID_eaba74,
ID_eabb05,
ID_eabe6f,
ID_eabf98,
ID_eac4de,
ID_eacf55,
ID_ead09b,
ID_ead76e,
ID_eadd1f,
ID_eaea4e,
ID_eaedd2,
ID_eaf23a,
ID_eaf5bc,
ID_eafdbd,
ID_eb2abd,
ID_eb31f2,
ID_eb3962,
ID_eb3a90,
ID_eb49b8,
ID_eb4bc0,
ID_eb4d70,
ID_eb52ea,
ID_eb5537,
ID_eb6765,
ID_eb6e23,
ID_eb6f00,
ID_eb6fa0,
ID_ebaf39,
ID_ebb422,
ID_ebbc70,
ID_ebc182,
ID_ebc419,
ID_ebd296,
ID_ebe593,
ID_ebef06,
ID_ec06dd,
ID_ec1426,
ID_ec1533,
ID_ec160c,
ID_ec241e,
ID_ec33c7,
ID_ec3906,
ID_ec40e0,
ID_ec4da8,
ID_ec5442,
ID_ec5678,
ID_ec59ac,
ID_ec6da4,
ID_ec727c,
ID_ec7503,
ID_ec7507,
ID_ec7775,
ID_ec7efb,
ID_ec9e38,
ID_ecbf28,
ID_ecc60d,
ID_eccad1,
ID_ece429,
ID_ece8b6,
ID_eced9a,
ID_ecfde3,
ID_ed431f,
ID_ed5336,
ID_ed5ce6,
ID_ed6062,
ID_ed6289,
ID_ed7f09,
ID_ed85e7,
ID_ed8f7f,
ID_eda1cf,
ID_eda866,
ID_edae72,
ID_edb28d,
ID_edb692,
ID_edbb34,
ID_edc213,
ID_edca61,
ID_edd11f,
ID_eddf6f,
ID_eddfb4,
ID_ede639,
ID_edfa57,
ID_ee0af3,
ID_ee1616,
ID_ee161b,
ID_ee21ab,
ID_ee372e,
ID_ee3faa,
ID_ee4bdf,
ID_ee561f,
ID_ee6799,
ID_ee7b19,
ID_ee7c7d,
ID_ee7e66,
ID_ee83b9,
ID_ee965f,
ID_ee9782,
ID_eea716,
ID_eebc41,
ID_eec26f,
ID_eecdf6,
ID_eed37d,
ID_eedaff,
ID_eee236,
ID_eef37d,
ID_ef0dc5,
ID_ef159e,
ID_ef1923,
ID_ef2d99,
ID_ef2fe4,
ID_ef329b,
ID_ef3517,
ID_ef51ea,
ID_ef5b80,
ID_ef5e6f,
ID_ef6aea,
ID_ef7036,
ID_ef718f,
ID_ef7be6,
ID_ef8194,
ID_ef8206,
ID_ef9e8c,
ID_efa09d,
ID_efab6b,
ID_efae96,
ID_efb823,
ID_efd5aa,
ID_efdc50,
ID_eff30e,
ID_f00873,
ID_f019ad,
ID_f02cc8,
ID_f02d35,
ID_f05bbc,
ID_f05bbd,
ID_f082e5,
ID_f09056,
ID_f0a47e,
ID_f0b58d,
ID_f0b7d6,
ID_f0b929,
ID_f0bd55,
ID_f0d4c3,
ID_f0d910,
ID_f0d93f,
ID_f0e016,
ID_f0f274,
ID_f0f75c,
ID_f0fa1d,
ID_f0fb29,
ID_f106b8,
ID_f11db3,
ID_f12077,
ID_f13dae,
ID_f140c8,
ID_f140d3,
ID_f14882,
ID_f1625c,
ID_f16800,
ID_f16af6,
ID_f16b31,
ID_f173f5,
ID_f18a06,
ID_f1920e,
ID_f197a7,
ID_f197fa,
ID_f199fe,
ID_f19de8,
ID_f1e25e,
ID_f1eefd,
ID_f1f3c6,
ID_f1f3c8,
ID_f1fa9b,
ID_f20562,
ID_f20a21,
ID_f21182,
ID_f21cd2,
ID_f2243d,
ID_f22697,
ID_f228b0,
ID_f233d2,
ID_f23759,
ID_f24b85,
ID_f25621,
ID_f25711,
ID_f25ef9,
ID_f26c32,
ID_f27003,
ID_f27145,
ID_f2828b,
ID_f28ca2,
ID_f293aa,
ID_f29de4,
ID_f2a012,
ID_f2b497,
ID_f2b88b,
ID_f2bec2,
ID_f2c287,
ID_f2c978,
ID_f2cf5c,
ID_f2cf5c,
ID_f2e28b,
ID_f2f831,
ID_f30073,
ID_f308c7,
ID_f31387,
ID_f333c2,
ID_f3380f,
ID_f33e63,
ID_f36807,
ID_f36fac,
ID_f37678,
ID_f37c7a,
ID_f3802f,
ID_f3823e,
ID_f38826,
ID_f3a066,
ID_f3b00c,
ID_f3bd14,
ID_f3bed2,
ID_f3bf6f,
ID_f3c56c,
ID_f3c5b4,
ID_f3c623,
ID_f3e2b4,
ID_f3f5a3,
ID_f3fcb7,
ID_f40e9b,
ID_f412be,
ID_f418b5,
ID_f43506,
ID_f44363,
ID_f44d12,
ID_f4610f,
ID_f465b4,
ID_f46b4e,
ID_f46c89,
ID_f47153,
ID_f475bd,
ID_f47d69,
ID_f47ea1,
ID_f48569,
ID_f48c27,
ID_f49297,
ID_f49948,
ID_f49c94,
ID_f4a733,
ID_f4bf40,
ID_f4d586,
ID_f4dfdf,
ID_f4e807,
ID_f4e87d,
ID_f501cb,
ID_f5042b,
ID_f506ec,
ID_f50860,
ID_f51960,
ID_f52bc5,
ID_f52c10,
ID_f534a3,
ID_f53ca0,
ID_f55d9e,
ID_f5653f,
ID_f567c0,
ID_f57877,
ID_f585cf,
ID_f597e8,
ID_f5a251,
ID_f5a62b,
ID_f5a73a,
ID_f5a906,
ID_f5acda,
ID_f5b235,
ID_f5b60d,
ID_f5bace,
ID_f5c144,
ID_f5c273,
ID_f5d0b5,
ID_f5e20a,
ID_f5f1fa,
ID_f603f7,
ID_f605dd,
ID_f607f6,
ID_f60b3d,
ID_f612b1,
ID_f62211,
ID_f62fb5,
ID_f63825,
ID_f67605,
ID_f67714,
ID_f678be,
ID_f691ed,
ID_f694b4,
ID_f69c5b,
ID_f69fc4,
ID_f6a742,
ID_f6adf8,
ID_f6b015,
ID_f6b257,
ID_f6c605,
ID_f6c70f,
ID_f6dbd3,
ID_f6e3ee,
ID_f6e4f8,
ID_f6e6f6,
ID_f6f93d,
ID_f70678,
ID_f708e1,
ID_f71783,
ID_f72840,
ID_f7290f,
ID_f72c6e,
ID_f739a7,
ID_f742c8,
ID_f770c6,
ID_f77d83,
ID_f79d01,
ID_f7aade,
ID_f7ca05,
ID_f7daf4,
ID_f7e91d,
ID_f7f366,
ID_f7f54c,
ID_f7fb88,
ID_f80b4f,
ID_f80df9,
ID_f8127c,
ID_f818fb,
ID_f823f9,
ID_f82495,
ID_f83b02,
ID_f83da9,
ID_f842b1,
ID_f843c4,
ID_f84432,
ID_f8498c,
ID_f851e9,
ID_f85751,
ID_f85bb1,
ID_f861d6,
ID_f8642f,
ID_f86655,
ID_f86c50,
ID_f878e7,
ID_f88787,
ID_f8899f,
ID_f88ea2,
ID_f89271,
ID_f89e02,
ID_f8b38b,
ID_f8bb00,
ID_f8bfa2,
ID_f8c9b5,
ID_f8d19d,
ID_f8d903,
ID_f8e190,
ID_f8e403,
ID_f8f2f7,
ID_f8f98e,
ID_f8fb56,
ID_f909ca,
ID_f90f1e,
ID_f913eb,
ID_f91427,
ID_f918e3,
ID_f921ef,
ID_f960db,
ID_f9684c,
ID_f96bc2,
ID_f97522,
ID_f989a3,
ID_f9acf4,
ID_f9b42d,
ID_f9b86d,
ID_f9de6d,
ID_f9e529,
ID_f9e95a,
ID_f9ea60,
ID_f9eb5d,
ID_fa001c,
ID_fa0811,
ID_fa153b,
ID_fa22dc,
ID_fa31bc,
ID_fa321d,
ID_fa42a7,
ID_fa5389,
ID_fa5ae5,
ID_fa6478,
ID_fa7f3f,
ID_fa8db5,
ID_faadf1,
ID_fab925,
ID_fab977,
ID_fabab4,
ID_fabd15,
ID_faddb5,
ID_faf795,
ID_fb0bdd,
ID_fb1cff,
ID_fb2843,
ID_fb2895,
ID_fb352e,
ID_fb3f67,
ID_fb439f,
ID_fb43f7,
ID_fb760e,
ID_fb8061,
ID_fb81e0,
ID_fb88bb,
ID_fb89fa,
ID_fbaa8f,
ID_fbb061,
ID_fbb21e,
ID_fbc22a,
ID_fbc8d9,
ID_fbd05c,
ID_fbd55a,
ID_fbd75b,
ID_fbd98a,
ID_fbde79,
ID_fbe59c,
ID_fbeb88,
ID_fc0b0a,
ID_fc13d7,
ID_fc2a00,
ID_fc2ede,
ID_fc3470,
ID_fc521b,
ID_fc5a30,
ID_fc5cc5,
ID_fc5ffa,
ID_fc62b7,
ID_fc7acb,
ID_fc834f,
ID_fc9f58,
ID_fca942,
ID_fcbe3c,
ID_fccad8,
ID_fcd46c,
ID_fcd920,
ID_fce791,
ID_fcf1af,
ID_fcf82d,
ID_fd0002,
ID_fd05df,
ID_fd1b31,
ID_fd2490,
ID_fd3d24,
ID_fd42b7,
ID_fd6cba,
ID_fd76b0,
ID_fd7ab9,
ID_fd870f,
ID_fd91b3,
ID_fd928c,
ID_fd9c78,
ID_fda2ea,
ID_fdbab3,
ID_fdd8b1,
ID_fddbc4,
ID_fde4d3,
ID_fdedb4,
ID_fe1b61,
ID_fe1deb,
ID_fe2249,
ID_fe2756,
ID_fe2a91,
ID_fe2c8e,
ID_fe3e9b,
ID_fe4f39,
ID_fe538b,
ID_fe7ad8,
ID_fe7c0a,
ID_fe7e1f,
ID_fe7f59,
ID_fe881e,
ID_fe893a,
ID_fe9e8a,
ID_febcda,
ID_fed82c,
ID_feeabc,
ID_fef461,
ID_fef7d8,
ID_fefca8,
ID_feff97,
ID_ff00bc,
ID_ff030c,
ID_ff0699,
ID_ff14bc,
ID_ff3267,
ID_ff57e9,
ID_ff60eb,
ID_ff707f,
ID_ff8498,
ID_ff9d78,
ID_ffa53e,
ID_ffa89c,
ID_ffac85,
ID_ffb263,
ID_ffcc7c,
ID_ffe3c6,
ID_fff14c,
